gui_paths_subject3_squats1_v3
version=1
nRows=183
nColumns=56
inDegrees=no
endheader
time	pelvis_tilt	pelvis_list	pelvis_rotation	pelvis_tx	pelvis_ty	pelvis_tz	hip_flexion_r	hip_adduction_r	hip_rotation_r	knee_angle_r	ankle_angle_r	subtalar_angle_r	mtp_angle_r	hip_flexion_l	hip_adduction_l	hip_rotation_l	knee_angle_l	ankle_angle_l	subtalar_angle_l	mtp_angle_l	lumbar_extension	lumbar_bending	lumbar_rotation	arm_flex_r	arm_add_r	arm_rot_r	elbow_flex_r	pro_sup_r	wrist_flex_r	wrist_dev_r	arm_flex_l	arm_add_l	arm_rot_l	elbow_flex_l	pro_sup_l	wrist_flex_l	wrist_dev_l	knee_angle_r_beta	knee_angle_l_beta	/forceset/M0_r/activation	/forceset/M1_r/activation	/forceset/M2_r/activation	/forceset/M3_r/activation	/forceset/M4_r/activation	/forceset/M5_r/activation	/forceset/M6_r/activation	/forceset/M7_r/activation	/forceset/M0_l/activation	/forceset/M1_l/activation	/forceset/M2_l/activation	/forceset/M3_l/activation	/forceset/M4_l/activation	/forceset/M5_l/activation	/forceset/M6_l/activation	/forceset/M7_l/activation
2.60000000	-0.24663964	0.05101103	-0.06472385	-0.16784307	0.91326101	-0.62166128	0.33507894	-0.23668597	-0.35250907	0.29153923	0.13783854	-0.01231940	0.00000720	0.29685481	-0.14671274	-0.39797131	0.23537850	0.11677931	0.00345376	-0.00001527	0.19938753	-0.05662132	-0.07012362	-0.02632397	-0.44894195	0.46750535	2.37747680	1.01732697	0.00045376	-0.00005525	-0.17771223	-0.39156854	0.32949077	2.43016636	1.02170532	0.00085960	0.00030937	0.29153923	0.23537850	0.00000003	0.06857491	0.13763376	0.08055967	0.01390989	0.03122718	0.02696150	0.01264634	0.00000009	0.00000001	0.07439618	0.08340474	0.00000000	0.16547480	0.06655654	0.06994299
2.60989011	-0.25452528	0.05174167	-0.06383992	-0.17029937	0.91227445	-0.62201056	0.35414120	-0.23999467	-0.35118785	0.30711082	0.13987087	-0.01231940	0.00000720	0.31685778	-0.15016069	-0.39831927	0.25366065	0.12068942	0.00345376	-0.00001527	0.19841949	-0.05675832	-0.07081887	-0.01772468	-0.44942725	0.46980458	2.38080664	1.01734493	0.00045376	-0.00005525	-0.16889189	-0.39465714	0.33355192	2.43296868	1.02170393	0.00085960	0.00030937	0.30711082	0.25366065	0.00000000	0.07091872	0.13429386	0.07787670	0.01804119	0.00871490	0.02528876	0.00000020	0.00000005	0.00000000	0.07178164	0.08654766	0.00000000	0.15652076	0.06144473	0.06896267
2.61978022	-0.26170626	0.05191954	-0.06313660	-0.17287160	0.91121596	-0.62232445	0.37277243	-0.24264388	-0.34890596	0.32314111	0.14201045	-0.01231940	0.00000720	0.33649316	-0.15426259	-0.39769191	0.27253011	0.12455910	0.00345376	-0.00001527	0.19599326	-0.05640104	-0.07146029	-0.00861778	-0.44968211	0.47195439	2.38418088	1.01732982	0.00045376	-0.00005525	-0.15939893	-0.39787559	0.33778223	2.43587745	1.02170249	0.00085960	0.00030937	0.32314111	0.27253011	0.00000019	0.08809852	0.12263999	0.07165088	0.02722791	0.00000000	0.03971059	0.02797282	0.00000044	0.00000001	0.06955006	0.08939936	0.00000000	0.15016558	0.05759799	0.07235945
2.62967033	-0.26867284	0.05194977	-0.06247832	-0.17557683	0.91002351	-0.62264655	0.39183128	-0.24518802	-0.34590314	0.34015309	0.14452496	-0.01231940	0.00000720	0.35643637	-0.15853789	-0.39562037	0.29210172	0.12821909	0.00345376	-0.00001527	0.19268598	-0.05577858	-0.07206251	0.00092053	-0.44992729	0.47433085	2.38767257	1.01732177	0.00045376	-0.00005525	-0.14958086	-0.40128813	0.34159866	2.43899012	1.02170101	0.00085960	0.00030937	0.34015309	0.29210172	0.01522346	0.10405921	0.12720694	0.06842051	0.03799424	0.00000000	0.04877823	0.05016666	0.00000015	0.00000000	0.06788462	0.09187800	0.00000000	0.14732466	0.05537299	0.08119255
2.63956044	-0.27602346	0.05219435	-0.06182066	-0.17845822	0.90862039	-0.62300162	0.41241736	-0.24814612	-0.34228722	0.35882090	0.14749685	-0.01231940	0.00000720	0.37771648	-0.16275796	-0.39251283	0.31307428	0.13196461	0.00345376	-0.00001527	0.18915157	-0.05516058	-0.07257018	0.01079057	-0.45047069	0.47705663	2.39155590	1.01747315	0.00045376	-0.00005525	-0.13938124	-0.40480700	0.34482892	2.44235061	1.02169947	0.00085960	0.00030937	0.35882090	0.31307428	0.03500926	0.11816497	0.13534201	0.06990419	0.04432565	0.00000000	0.04972590	0.06163971	0.00186220	0.00000001	0.06891908	0.09447199	0.00000000	0.14922368	0.05393189	0.09432033
2.64945055	-0.28365730	0.05263245	-0.06109024	-0.18152079	0.90698931	-0.62337006	0.43442102	-0.25150811	-0.33778825	0.37917791	0.15076277	-0.01231940	0.00000720	0.40020506	-0.16693208	-0.38888678	0.33540527	0.13607286	0.00345376	-0.00001527	0.18524234	-0.05474110	-0.07312887	0.02107042	-0.45123429	0.48001147	2.39594461	1.01731070	0.00045376	-0.00005525	-0.12852831	-0.40835220	0.34774872	2.44608876	1.02169788	0.00085960	0.00030937	0.37917791	0.33540527	0.05448712	0.12688754	0.14487524	0.07120537	0.05105099	0.00000000	0.05002682	0.07131191	0.00671239	0.00000000	0.07391695	0.09744934	0.00000000	0.15700261	0.05278106	0.11111608
2.65934066	-0.29129974	0.05317719	-0.06035153	-0.18475218	0.90513191	-0.62369329	0.45740602	-0.25503702	-0.33197955	0.40100804	0.15431780	-0.01231940	0.00000720	0.42329987	-0.17109219	-0.38481587	0.35858021	0.14057075	0.00345376	-0.00001527	0.18061631	-0.05475825	-0.07393137	0.03224482	-0.45194450	0.48321042	2.40054416	1.01686345	0.00045376	-0.00005525	-0.11715230	-0.41190050	0.35037366	2.45060077	1.02169625	0.00085960	0.00030937	0.40100804	0.35858021	0.07184831	0.13487425	0.15118582	0.07452920	0.05487413	0.00000000	0.04845055	0.08103927	0.01285510	0.00000000	0.08125634	0.10032952	0.00000000	0.17118742	0.05287911	0.13334302
2.66923077	-0.29883387	0.05388372	-0.05989298	-0.18813819	0.90303769	-0.62392507	0.48124505	-0.25857128	-0.32471049	0.42418602	0.15841116	-0.01231940	0.00000720	0.44666948	-0.17526363	-0.38001204	0.38241228	0.14536298	0.00345376	-0.00001527	0.17519959	-0.05532675	-0.07483940	0.04483074	-0.45261805	0.48684055	2.40474808	1.01855550	0.00045376	-0.00005525	-0.10555643	-0.41550698	0.35266349	2.45599903	1.02169457	0.00085960	0.00030937	0.42418602	0.38241228	0.08726956	0.13748602	0.15812644	0.07778769	0.05849189	0.00000000	0.04610850	0.08868568	0.01867694	0.00000000	0.08941153	0.10278303	0.00000000	0.19199241	0.05492504	0.16211963
2.67912088	-0.30651733	0.05469708	-0.05982168	-0.19164658	0.90065886	-0.62409038	0.50624508	-0.26203115	-0.31654326	0.44878643	0.16328580	-0.01231940	0.00000720	0.47078598	-0.17972743	-0.37446470	0.40746323	0.15068459	0.00345376	-0.00001527	0.16956508	-0.05604920	-0.07552821	0.05856943	-0.45349764	0.49102334	2.40918965	1.01798797	0.00045376	-0.00005525	-0.09367983	-0.41946628	0.35516177	2.46179519	1.02169283	0.00085960	0.00030937	0.44878643	0.40746323	0.09868062	0.13839713	0.16174012	0.08275997	0.05892928	0.00000000	0.04193019	0.09573006	0.02397344	0.00000000	0.09808570	0.10496486	0.00000000	0.21983830	0.05877741	0.19718272
2.68901099	-0.31510745	0.05531892	-0.05979910	-0.19524593	0.89790621	-0.62426770	0.53310137	-0.26532863	-0.30836803	0.47487283	0.16891896	-0.01231940	0.00000720	0.49692556	-0.18491977	-0.36852252	0.43451889	0.15705611	0.00345376	-0.00001527	0.16491074	-0.05620316	-0.07596101	0.07260860	-0.45468958	0.49561489	2.41522158	1.00688266	0.00045376	-0.00005525	-0.08116945	-0.42412953	0.35843129	2.46746490	1.02169105	0.00085960	0.00030937	0.47487283	0.43451889	0.10583831	0.13311210	0.16531388	0.08758960	0.05832932	0.00000000	0.03669769	0.10001743	0.02605177	0.00000000	0.10449840	0.10646090	0.00000000	0.25428757	0.06554755	0.24027999
2.69890110	-0.32474297	0.05560912	-0.05936033	-0.19895230	0.89476187	-0.62451135	0.56165627	-0.26848803	-0.30038465	0.50196301	0.17502144	-0.01231940	0.00000720	0.52539092	-0.19066420	-0.36212421	0.46338172	0.16442013	0.00345376	-0.00001527	0.16132155	-0.05564175	-0.07651842	0.08684045	-0.45611619	0.50019869	2.42094939	0.99926326	0.00045376	-0.00005525	-0.06755296	-0.42959202	0.36213669	2.47291163	1.02168922	0.00085960	0.00030937	0.50196301	0.46338172	0.10630617	0.12479086	0.16483276	0.09379374	0.05385669	0.00000000	0.02964062	0.10346154	0.02371557	0.00000000	0.10735900	0.10731088	0.00000000	0.29531624	0.07558411	0.29202416
2.70879121	-0.33492485	0.05591861	-0.05844355	-0.20282270	0.89126800	-0.62480669	0.59129817	-0.27177900	-0.29197559	0.52950549	0.18136441	-0.01231940	0.00000720	0.55542584	-0.19619091	-0.35491231	0.49319570	0.17209622	0.00345376	-0.00001527	0.15783050	-0.05503579	-0.07752872	0.10205904	-0.45773118	0.50484369	2.42406423	1.00942877	0.00045376	-0.00005525	-0.05256135	-0.43584672	0.36557433	2.47837018	1.02168733	0.00085960	0.00030937	0.52950549	0.49319570	0.10004711	0.10879939	0.16360449	0.09950500	0.04766552	0.00000000	0.02142174	0.10376981	0.01240203	0.00000000	0.10228631	0.10678951	0.00000000	0.34192867	0.09108930	0.35623654
2.71868132	-0.34594516	0.05648763	-0.05755624	-0.20686896	0.88738505	-0.62509196	0.62254712	-0.27512645	-0.28284342	0.55752392	0.18801930	-0.01231940	0.00000720	0.58719106	-0.20149354	-0.34710845	0.52389218	0.17992558	0.00345376	-0.00001527	0.15477599	-0.05466442	-0.07864726	0.11850442	-0.45966146	0.51023220	2.42668050	1.01948045	0.00045376	-0.00005525	-0.03646786	-0.44279867	0.36883660	2.48386435	1.02168539	0.00085960	0.00030937	0.55752392	0.52389218	0.08505900	0.08909109	0.15744113	0.10621230	0.03718665	0.00000001	0.01163939	0.10361986	0.00000007	0.00000000	0.09701895	0.10699454	0.00000000	0.40014527	0.10858105	0.42953439
2.72857143	-0.35774231	0.05662303	-0.05728988	-0.21099107	0.88310516	-0.62532083	0.65491255	-0.27757091	-0.27390306	0.58575829	0.19530473	-0.01231940	0.00000720	0.62047742	-0.20777085	-0.33920170	0.55586516	0.18857804	0.00345376	-0.00001527	0.15253261	-0.05357639	-0.07908747	0.13558940	-0.46214437	0.51635548	2.43043064	1.01826713	0.00045376	-0.00005525	-0.01942103	-0.44998612	0.37278670	2.48871982	1.02168341	0.00085960	0.00030937	0.58575829	0.55586516	0.06266647	0.06146819	0.15018986	0.11220947	0.02490938	0.00000000	0.00068405	0.10016793	0.00000000	0.00000000	0.10523266	0.11076288	0.00000000	0.48687390	0.12362278	0.51244717
2.73846154	-0.36894468	0.05528515	-0.05769210	-0.21507423	0.87854555	-0.62549190	0.68599323	-0.27820078	-0.26643007	0.61352038	0.20351990	-0.01231940	0.00000720	0.65361031	-0.21603588	-0.33114492	0.58898520	0.19854505	0.00345376	-0.00001527	0.14976368	-0.05066785	-0.07857804	0.15291573	-0.46533002	0.52247999	2.43410223	1.01670675	0.00045376	-0.00005525	-0.00101008	-0.45695332	0.37804100	2.49221727	1.02168138	0.00085960	0.00030937	0.61352038	0.58898520	0.02734009	0.02636621	0.13768584	0.11167451	0.01819720	0.00000002	0.00000009	0.10932816	0.00000000	0.00000000	0.11718719	0.11492694	0.00000000	0.61660528	0.14623385	0.63246287
2.74835165	-0.37921702	0.05228606	-0.05840142	-0.21912338	0.87373670	-0.62563045	0.71535712	-0.27717202	-0.26045233	0.64097988	0.21253943	-0.01231940	0.00000720	0.68630304	-0.22617397	-0.32262484	0.62303795	0.20957971	0.00345376	-0.00001527	0.14594644	-0.04587109	-0.07751230	0.17037769	-0.46911333	0.52820778	2.43744921	1.01753681	0.00045376	-0.00005525	0.01891114	-0.46380942	0.38442183	2.49448348	1.02167928	0.00085960	0.00030937	0.64097988	0.62303795	0.00000000	0.00000000	0.14144802	0.11749863	0.00000000	0.12888535	0.00769139	0.21549058	0.00000000	0.00000000	0.13767769	0.11864447	0.00000000	0.83235889	0.18454650	0.82811359
2.75824176	-0.38972320	0.04822166	-0.05935913	-0.22322489	0.86858403	-0.62575346	0.74506531	-0.27507294	-0.25475636	0.66899628	0.22183983	-0.01231940	0.00000720	0.71998811	-0.23757694	-0.31365063	0.65804946	0.22124510	0.00345376	-0.00001527	0.14222783	-0.03974472	-0.07617069	0.18798535	-0.47324465	0.53369112	2.44093843	1.01755577	0.00045376	-0.00005525	0.03988929	-0.47089457	0.39144903	2.49606305	1.02167715	0.00085960	0.00030937	0.66899628	0.65804946	0.00000000	0.00000000	0.13899548	0.12777525	0.00000000	0.09673750	0.00000000	0.19811156	0.00000000	0.00000000	0.15207202	0.12678618	0.00000000	1.00000000	0.21382246	0.97925454
2.76813187	-0.40071209	0.04385873	-0.06090407	-0.22741172	0.86307580	-0.62585089	0.77601993	-0.27233835	-0.24833899	0.69796758	0.23107423	-0.01231940	0.00000720	0.75467608	-0.24961921	-0.30464495	0.69366359	0.23331125	0.00345376	-0.00001527	0.13884598	-0.03299147	-0.07442588	0.20631493	-0.47757609	0.53960158	2.44424994	1.01739378	0.00045376	-0.00005525	0.06160534	-0.47821474	0.39904225	2.49711751	1.02167496	0.00085960	0.00030937	0.69796758	0.69366359	0.00000000	0.00000000	0.13194960	0.12947047	0.01869392	0.00000000	0.00000000	0.14566782	0.00000000	0.00000000	0.14760705	0.14193712	0.00000000	1.00000000	0.21235074	0.98172368
2.77802198	-0.41121613	0.03998769	-0.06303901	-0.23164526	0.85730247	-0.62592395	0.80743652	-0.26978450	-0.24108877	0.72800116	0.24032316	-0.01231940	0.00000720	0.78879776	-0.26138979	-0.29612076	0.72911128	0.24555124	0.00345376	-0.00001527	0.13479920	-0.02663813	-0.07226818	0.22623897	-0.48202022	0.54672039	2.44673060	1.01746124	0.00045376	-0.00005525	0.08421797	-0.48550094	0.40734795	2.49753401	1.02167273	0.00085960	0.00030937	0.72800116	0.72911128	0.00000000	0.00000000	0.13394202	0.13792239	0.02337931	0.00000000	0.00000000	0.15651460	0.00000000	0.00000000	0.14333058	0.15851575	0.00000000	1.00000000	0.21095469	0.98474554
2.78791209	-0.42120653	0.03693418	-0.06512689	-0.23589523	0.85127326	-0.62601039	0.83939571	-0.26826780	-0.23326379	0.75943976	0.24968430	-0.01231940	0.00000720	0.82229538	-0.27219645	-0.28802845	0.76414594	0.25773215	0.00345376	-0.00001527	0.13025340	-0.02133497	-0.07014211	0.24779830	-0.48646314	0.55506391	2.44806435	1.01748041	0.00045376	-0.00005525	0.10784506	-0.49256512	0.41620575	2.49737988	1.02167046	0.00085960	0.00030937	0.75943976	0.76414594	0.00000000	0.00000000	0.13573824	0.14689335	0.02946334	0.00000000	0.00000000	0.16686435	0.00000000	0.00000000	0.03153107	0.19585152	0.00000000	0.00000000	0.02674750	0.12060851
2.79780220	-0.43200427	0.03398208	-0.06651901	-0.24017381	0.84489175	-0.62614599	0.87299686	-0.26750303	-0.22528466	0.79227575	0.25897124	-0.01231940	0.00000720	0.85722519	-0.28240275	-0.27943150	0.79930766	0.26971581	0.00345376	-0.00001527	0.12681852	-0.01636913	-0.06856103	0.27011199	-0.49094792	0.56385008	2.44866476	1.01747137	0.00045376	-0.00005525	0.13235195	-0.49951224	0.42559409	2.49678270	1.02166812	0.00085960	0.00030937	0.79227575	0.79930766	0.00000000	0.00000000	0.13690482	0.15682509	0.03646171	0.00000000	0.00000000	0.17787184	0.00000000	0.00000000	0.02996439	0.21179697	0.00000000	0.00000000	0.02445276	0.12790808
2.80769231	-0.44445271	0.03009578	-0.06706015	-0.24449742	0.83811813	-0.62633292	0.90834915	-0.26651474	-0.21800278	0.82568537	0.26800823	-0.01231940	0.00000720	0.89506713	-0.29271985	-0.26917861	0.83501763	0.28137739	0.00345376	-0.00001527	0.12534255	-0.01050144	-0.06769672	0.29249632	-0.49568072	0.57236770	2.44921526	1.01748239	0.00045376	-0.00005525	0.15770485	-0.50657159	0.43617192	2.49565046	1.02166575	0.00085960	0.00030937	0.82568537	0.83501763	0.00000000	0.00000000	0.13694308	0.16826048	0.04365886	0.00000000	0.00000000	0.19094358	0.00000000	0.00000000	0.03053464	0.22863680	0.00000000	0.00000000	0.02017818	0.13035999
2.81758242	-0.45814187	0.02545290	-0.06696382	-0.24886171	0.83102815	-0.62655236	0.94461255	-0.26528480	-0.21190486	0.85881165	0.27680450	-0.01231940	0.00000720	0.93518557	-0.30278110	-0.25720146	0.87087778	0.29256326	0.00345376	-0.00001527	0.12521544	-0.00390709	-0.06736983	0.31497055	-0.50058561	0.58061248	2.44978006	1.01749166	0.00045376	-0.00005525	0.18397905	-0.51373184	0.44840823	2.49388552	1.02166333	0.00085960	0.00030937	0.85881165	0.87087778	0.00000000	0.00000000	0.13554518	0.18162963	0.05035188	0.00000000	0.00000000	0.20721144	0.00000000	0.00000000	0.03363982	0.24606270	0.00000000	0.00000000	0.01325092	0.12610110
2.82747253	-0.47178311	0.02159652	-0.06674022	-0.25324933	0.82376447	-0.62674515	0.98098465	-0.26466204	-0.20585461	0.89151598	0.28534368	-0.01231940	0.00000720	0.97521024	-0.31150617	-0.24510266	0.90595670	0.30317257	0.00345376	-0.00001527	0.12492723	0.00157765	-0.06703231	0.33789056	-0.50500879	0.58913513	2.44966905	1.01749759	0.00045376	-0.00005525	0.21125087	-0.52087702	0.46166226	2.49165191	1.02166085	0.00085960	0.00030937	0.89151598	0.90595670	0.00000000	0.00000000	0.13292176	0.19699005	0.05616172	0.00000000	0.00000000	0.22692552	0.00000000	0.00000000	0.03931533	0.26381327	0.00000000	0.00000000	0.00330682	0.11423435
2.83736264	-0.48395818	0.01953114	-0.06718288	-0.25762921	0.81646406	-0.62680231	1.01665355	-0.26450555	-0.19807856	0.92405553	0.29365107	-0.01231940	0.00000720	1.01273235	-0.31901804	-0.23465415	0.93978182	0.31331787	0.00345376	-0.00001527	0.12287112	0.00467718	-0.06589293	0.36146150	-0.50823330	0.59817798	2.44829777	1.01750505	0.00045376	-0.00005525	0.23958417	-0.52819873	0.47498548	2.48920528	1.02165834	0.00085960	0.00030937	0.92405553	0.93978182	0.00000000	0.00000000	0.12962932	0.21403631	0.06106982	0.00000000	0.00000000	0.24950572	0.00000000	0.00000000	0.04709955	0.27732329	0.00814034	0.00000000	0.00000000	0.10680294
2.84725275	-0.49440717	0.01854116	-0.06882932	-0.26195529	0.80916431	-0.62663658	1.05115187	-0.26348702	-0.18837713	0.95647942	0.30196532	-0.01231940	0.00000720	1.04752413	-0.32682520	-0.22593224	0.97279712	0.32321072	0.00345376	-0.00001527	0.11888117	0.00613757	-0.06354551	0.38538690	-0.51022252	0.60709932	2.44584865	1.01751260	0.00045376	-0.00005525	0.26865881	-0.53602042	0.48821634	2.48655812	1.02165578	0.00085960	0.00030937	0.95647942	0.97279712	0.00000000	0.00000000	0.12637865	0.23215158	0.06539338	0.00000000	0.00000000	0.27368882	0.00000000	0.00000000	0.05723704	0.28757733	0.02245475	0.00000000	0.00000000	0.09973635
2.85714286	-0.50410631	0.01743089	-0.07143699	-0.26618426	0.80181220	-0.62627930	1.08466912	-0.26086731	-0.17804806	0.98843347	0.31050081	-0.01231940	0.00000720	1.08116948	-0.33590932	-0.21786771	1.00551295	0.33283693	0.00345376	-0.00001527	0.11428385	0.00746872	-0.06052310	0.40925577	-0.51151285	0.61531109	2.44279558	1.01751982	0.00045376	-0.00005525	0.29752944	-0.54436456	0.50147831	2.48343336	1.02165316	0.00085960	0.00030937	0.98843347	1.00551295	0.00000000	0.00000000	0.12379026	0.25056999	0.06964719	0.00000000	0.00000000	0.29790714	0.00000000	0.00000000	0.06704301	0.29752660	0.03807023	0.00000000	0.00000000	0.09203485
2.86703297	-0.51386291	0.01599186	-0.07434847	-0.27030237	0.79438722	-0.62584640	1.11744896	-0.25714285	-0.16807694	1.01932312	0.31912611	-0.01231940	0.00000720	1.11462438	-0.34577059	-0.20995915	1.03760205	0.34199981	0.00345376	-0.00001527	0.11004910	0.00925174	-0.05803205	0.43337519	-0.51227592	0.62355475	2.43902207	1.01752712	0.00045376	-0.00005525	0.32501049	-0.55299484	0.51398927	2.47977745	1.02165050	0.00085960	0.00030937	1.01932312	1.03760205	0.00000000	0.00000000	0.12215056	0.26861989	0.07432249	0.00000000	0.00000000	0.32082607	0.00000000	0.00000000	0.07541778	0.30769957	0.05406904	0.00000000	0.00000000	0.08527352
2.87692308	-0.52357709	0.01468773	-0.07718054	-0.27433252	0.78694343	-0.62541157	1.14939279	-0.25304841	-0.15858811	1.04887726	0.32755216	-0.01231940	0.00000720	1.14752758	-0.35549082	-0.20238151	1.06845439	0.35067385	0.00345376	-0.00001527	0.10587379	0.01116309	-0.05703574	0.45846058	-0.51187443	0.63291956	2.43406904	1.01753444	0.00045376	-0.00005525	0.35031858	-0.56185752	0.52433380	2.47642605	1.02164779	0.00085960	0.00030937	1.04887726	1.06845439	0.00000000	0.00000000	0.19182523	0.00000000	0.58743258	0.00000000	0.51543649	0.87697399	0.00000000	0.00000000	0.08160483	0.31847209	0.06966958	0.00000000	0.00000000	0.08059106
2.88681319	-0.53277641	0.01379887	-0.07986517	-0.27830958	0.77953447	-0.62497890	1.18040922	-0.24906284	-0.14944338	1.07751185	0.33570155	-0.01231940	0.00000720	1.17942588	-0.36462158	-0.19507909	1.09816595	0.35893126	0.00345376	-0.00001527	0.10099691	0.01271036	-0.05750003	0.48441299	-0.50969978	0.64276620	2.42828805	1.01754173	0.00045376	-0.00005525	0.37361296	-0.57120983	0.53226971	2.47463649	1.02164502	0.00085960	0.00030937	1.07751185	1.09816595	0.00000000	0.00000000	0.19363264	0.00000000	0.62502633	0.00000000	0.54419467	0.92140570	0.00000000	0.00000000	0.08502727	0.33015211	0.08421008	0.00000000	0.00000000	0.07886058
2.89670330	-0.54138733	0.01341357	-0.08214937	-0.28225227	0.77216536	-0.62457326	1.21077568	-0.24578917	-0.14053715	1.10574381	0.34356602	-0.01231940	0.00000720	1.21054552	-0.37270008	-0.18760696	1.12721545	0.36650871	0.00345376	-0.00001527	0.09527666	0.01351896	-0.05862140	0.51014632	-0.50617856	0.65109454	2.42305727	1.01754901	0.00045376	-0.00005525	0.39600424	-0.58090798	0.53928133	2.47453336	1.02164220	0.00085960	0.00030937	1.10574381	1.12721545	0.00000000	0.00000000	0.19529397	0.00000000	0.66173521	0.00000000	0.57077106	0.96070354	0.00000000	0.00000000	0.08543862	0.34285275	0.09728029	0.00000000	0.00000000	0.08043904
2.90659341	-0.54992770	0.01361386	-0.08346471	-0.28615378	0.76481219	-0.62427124	1.24098611	-0.24391453	-0.13202002	1.13344876	0.35094987	-0.01231940	0.00000720	1.24151327	-0.37887541	-0.17958335	1.15553248	0.37296616	0.00345376	-0.00001527	0.08946527	0.01341213	-0.05974947	0.53457377	-0.50249572	0.65671826	2.41961357	1.01755628	0.00045376	-0.00005525	0.41878401	-0.58974314	0.54668249	2.47470436	1.02163934	0.00085960	0.00030937	1.13344876	1.15553248	0.00000000	0.00000000	0.19660290	0.00000000	0.69761241	0.00000000	0.59526208	0.99519161	0.00000000	0.00000000	0.08295302	0.35647380	0.10876078	0.00000000	0.00000000	0.08515934
2.91648352	-0.55901706	0.01430208	-0.08359839	-0.28998499	0.75745477	-0.62409226	1.27135597	-0.24347698	-0.12433953	1.16014604	0.35768696	-0.01231940	0.00000720	1.27278286	-0.38285284	-0.17101552	1.18265712	0.37837264	0.00345376	-0.00001527	0.08456893	0.01249710	-0.06063868	0.55718121	-0.49949137	0.65986056	2.41814942	1.01756354	0.00045376	-0.00005525	0.44255382	-0.59633155	0.55433267	2.47374281	1.02163643	0.00085960	0.00030937	1.16014604	1.18265712	0.00000000	0.00000000	0.19610068	0.01107342	0.71124525	0.00000000	0.59538615	1.00000000	0.00000000	0.00000000	0.07798251	0.37072328	0.11879908	0.00000000	0.00000000	0.09241155
2.92637363	-0.56854852	0.01528009	-0.08316483	-0.29370940	0.75011474	-0.62394678	1.30166862	-0.24369584	-0.11745117	1.18578806	0.36386370	-0.01231940	0.00000720	1.30397034	-0.38556867	-0.16239250	1.20849036	0.38334593	0.00345376	-0.00001527	0.08066517	0.01095950	-0.06097895	0.57802961	-0.49716162	0.66120815	2.41817571	1.01757080	0.00045376	-0.00005525	0.46718202	-0.60070923	0.56181152	2.47150008	1.02163347	0.00085960	0.00030937	1.18578806	1.20849036	0.00000000	0.00000000	0.19366730	0.02567604	0.71923343	0.00000000	0.59011139	1.00000000	0.00000000	0.00000000	0.07117805	0.38514877	0.12776938	0.00000000	0.00000000	0.10123286
2.93626374	-0.57785439	0.01648109	-0.08279816	-0.29730568	0.74284275	-0.62376614	1.33147120	-0.24393095	-0.11053658	1.21084303	0.36966008	-0.01231940	0.00000720	1.33423291	-0.38799872	-0.15414885	1.23329068	0.38828846	0.00345376	-0.00001527	0.07696870	0.00893005	-0.06060672	0.59767629	-0.49508157	0.66154146	2.41927132	1.01757803	0.00045376	-0.00005525	0.49220510	-0.60406505	0.56934320	2.46860962	1.02163046	0.00085960	0.00030937	1.21084303	1.23329068	0.00000000	0.00000000	0.19104922	0.03930077	0.72858617	0.00000000	0.58579089	1.00000000	0.00000000	0.00000000	0.06339339	0.39918970	0.13622160	0.00000000	0.00000000	0.11043001
2.94615385	-0.58658786	0.01747958	-0.08211488	-0.30076094	0.73567116	-0.62361207	1.36028370	-0.24448007	-0.10364269	1.23560960	0.37531633	-0.01231940	0.00000720	1.36348114	-0.38991467	-0.14568012	1.25727067	0.39306484	0.00345376	-0.00001527	0.07297606	0.00704315	-0.06027947	0.61683502	-0.49299149	0.66182897	2.42115622	1.01758526	0.00045376	-0.00005525	0.51690575	-0.60698395	0.57698962	2.46559497	1.02162741	0.00085960	0.00030937	1.23560960	1.25727067	0.00000000	0.00000000	0.18810974	0.05237403	0.73866560	0.00000000	0.58202551	1.00000000	0.00000000	0.00000000	0.05552827	0.41230008	0.14478348	0.00000000	0.00000000	0.11883355
2.95604396	-0.59426635	0.01725034	-0.08025395	-0.30403025	0.72865993	-0.62358463	1.38673412	-0.24610206	-0.09858965	1.25976523	0.38124937	-0.01231940	0.00000720	1.39168022	-0.39070690	-0.13585899	1.28055424	0.39761333	0.00345376	-0.00001527	0.06803890	0.00652541	-0.06124188	0.63598400	-0.49091334	0.66279166	2.42330208	1.01759248	0.00045376	-0.00005525	0.54050798	-0.60916274	0.58437693	2.46273642	1.02162430	0.00085960	0.00030937	1.25976523	1.28055424	0.00000000	0.00000000	0.18467091	0.06532121	0.74882723	0.00000000	0.57840918	1.00000000	0.00000000	0.00000000	0.04834472	0.42403890	0.15405647	0.00000000	0.00000000	0.12548745
2.96593407	-0.60036473	0.01544525	-0.07711267	-0.30706696	0.72186580	-0.62369729	1.40979146	-0.24912438	-0.09647226	1.28296750	0.38772101	-0.01231940	0.00000720	1.41828754	-0.39044793	-0.12479109	1.30327522	0.40218244	0.00345376	-0.00001527	0.06158893	0.00779655	-0.06380079	0.65507066	-0.48897326	0.66438998	2.42507220	1.01759969	0.00045376	-0.00005525	0.56263455	-0.61059453	0.59152237	2.46016917	1.02162115	0.00085960	0.00030937	1.28296750	1.30327522	0.00000000	0.00000000	0.18060361	0.07836048	0.75869448	0.00000000	0.57471775	1.00000000	0.00000000	0.00000000	0.04236059	0.43414265	0.16453599	0.00000000	0.00000000	0.12978862
2.97582418	-0.60554447	0.01326484	-0.07339595	-0.30990875	0.71522221	-0.62389301	1.43108137	-0.25323856	-0.09540868	1.30559484	0.39441497	-0.01231940	0.00000720	1.44348779	-0.38949167	-0.11392512	1.32546623	0.40678108	0.00345376	-0.00001527	0.05457669	0.00962657	-0.06706796	0.67372490	-0.48722106	0.66616649	2.42623166	1.01760688	0.00045376	-0.00005525	0.58342058	-0.61177666	0.59853638	2.45793982	1.02161795	0.00085960	0.00030937	1.30559484	1.32546623	0.00000000	0.00000000	0.17598127	0.09141529	0.76833626	0.00000000	0.57099830	1.00000000	0.00000000	0.00000000	0.03770745	0.44260298	0.17651596	0.00000000	0.00000000	0.13162969
2.98571429	-0.61074224	0.01215438	-0.06989940	-0.31265165	0.70863769	-0.62410182	1.45292194	-0.25773946	-0.09257047	1.32821736	0.40066393	-0.01231940	0.00000720	1.46777418	-0.38813470	-0.10449682	1.34694229	0.41109279	0.00345376	-0.00001527	0.04809844	0.01046808	-0.07004960	0.69206079	-0.48546526	0.66798853	2.42683523	1.01761407	0.00045376	-0.00005525	0.60328413	-0.61292998	0.60461231	2.45619834	1.02161470	0.00085960	0.00030937	1.32821736	1.34694229	0.00000000	0.00000000	0.17104291	0.10417510	0.77820908	0.00000000	0.56752165	1.00000000	0.00000000	0.00000000	0.03416301	0.44964271	0.19007585	0.00000000	0.00000000	0.13133962
2.99560440	-0.61632330	0.01225725	-0.06708911	-0.31535411	0.70209358	-0.62426956	1.47592360	-0.26184711	-0.08749161	1.35069262	0.40603469	-0.01231940	0.00000720	1.49156047	-0.38681541	-0.09643721	1.36757213	0.41489205	0.00345376	-0.00001527	0.04243453	0.01012500	-0.07230598	0.71040594	-0.48355604	0.66999504	2.42696943	1.01762124	0.00045376	-0.00005525	0.62249534	-0.61364681	0.60885552	2.45494284	1.02161141	0.00085960	0.00030937	1.35069262	1.36757213	0.00000000	0.00000000	0.16609203	0.11623022	0.78896739	0.00000000	0.56465570	1.00000000	0.00000000	0.00000000	0.03132777	0.45561502	0.20513877	0.00000000	0.00000000	0.12949353
3.00549451	-0.62261196	0.01265819	-0.06524916	-0.31800168	0.69558158	-0.62436619	1.49960639	-0.26495742	-0.08202957	1.37234225	0.41058598	-0.01231940	0.00000720	1.51564977	-0.38622924	-0.08888586	1.38759785	0.41833917	0.00345376	-0.00001527	0.03799075	0.00963543	-0.07352151	0.72843069	-0.48189550	0.67220200	2.42697152	1.01762841	0.00045376	-0.00005525	0.64092584	-0.61319481	0.61172041	2.45365453	1.02160807	0.00085960	0.00030937	1.37234225	1.38759785	0.00000000	0.00000000	0.16138116	0.12722200	0.80124578	0.00000000	0.56272430	1.00000000	0.00000000	0.00000000	0.02884182	0.46087512	0.22156737	0.00000000	0.00000000	0.12667690
3.01538462	-0.62900412	0.01267760	-0.06461537	-0.32053234	0.68915878	-0.62437715	1.52261030	-0.26685968	-0.07767443	1.39279739	0.41471222	-0.01231940	0.00000720	1.53961134	-0.38707061	-0.08155287	1.40737009	0.42198080	0.00345376	-0.00001527	0.03411607	0.00975424	-0.07335183	0.74566729	-0.48093764	0.67442886	2.42726198	1.01763557	0.00045376	-0.00005525	0.65841842	-0.61126083	0.61406715	2.45196494	1.02160469	0.00085960	0.00030937	1.39279739	1.40737009	0.00000000	0.00000000	0.15703236	0.13692718	0.81554541	0.00000000	0.56193919	1.00000000	0.00000000	0.00000000	0.02653448	0.46568387	0.23925305	0.00000000	0.00000000	0.12329264
3.02527473	-0.63431034	0.01235280	-0.06501260	-0.32291095	0.68291945	-0.62429837	1.54369856	-0.26781444	-0.07425201	1.41232957	0.41876330	-0.01231940	0.00000720	1.56208898	-0.38925599	-0.07453547	1.42696365	0.42610740	0.00345376	-0.00001527	0.02932858	0.01026709	-0.07199397	0.76206132	-0.48021873	0.67596875	2.42778544	1.01764272	0.00045376	-0.00005525	0.67509623	-0.60844162	0.61550838	2.45030324	1.02160126	0.00085960	0.00030937	1.41232957	1.42696365	0.00000000	0.00000000	0.15304580	0.14525879	0.83223559	0.00000000	0.56240692	1.00000000	0.00000000	0.00000000	0.02441405	0.47020017	0.25813426	0.00000000	0.00000000	0.11954557
3.03516484	-0.63879430	0.01185192	-0.06591051	-0.32518045	0.67683438	-0.62413534	1.56347117	-0.26818167	-0.07116777	1.43129245	0.42270840	-0.01231940	0.00000720	1.58349786	-0.39193556	-0.06723344	1.44626878	0.43022956	0.00345376	-0.00001527	0.02387470	0.01082507	-0.07001688	0.77754747	-0.47881550	0.67577289	2.42815282	1.01764986	0.00045376	-0.00005525	0.69125682	-0.60574150	0.61545540	2.44911862	1.02159779	0.00085960	0.00030937	1.43129245	1.44626878	0.00000000	0.00000000	0.14928030	0.15231069	0.85143975	0.00000000	0.56407629	1.00000000	0.00000000	0.00000000	0.02262558	0.47446995	0.27819831	0.00000000	0.00000000	0.11543589
3.04505495	-0.64364491	0.01134010	-0.06693383	-0.32739319	0.67080243	-0.62392212	1.58337311	-0.26836346	-0.06827720	1.44972288	0.42627653	-0.01231940	0.00000720	1.60522559	-0.39441890	-0.05920818	1.46519706	0.43367640	0.00345376	-0.00001527	0.01920298	0.01130239	-0.06772868	0.79204913	-0.47672676	0.67378338	2.42825334	1.01765699	0.00045376	-0.00005525	0.70720225	-0.60369384	0.61488023	2.44809108	1.02159427	0.00085960	0.00030937	1.44972288	1.46519706	0.00000000	0.00000000	0.14553094	0.15824333	0.87310865	0.00000000	0.56682720	1.00000000	0.00000000	0.00000000	0.03347588	0.10163754	1.00000000	0.00000000	0.65629102	0.73153629
3.05494505	-0.64921418	0.01125118	-0.06789717	-0.32954326	0.66479069	-0.62372999	1.60397296	-0.26902068	-0.06533271	1.46768783	0.42939754	-0.01231940	0.00000720	1.62732736	-0.39650895	-0.05131614	1.48369888	0.43643739	0.00345376	-0.00001527	0.01582147	0.01139368	-0.06537000	0.80583480	-0.47489783	0.67141602	2.42831329	1.01766410	0.00045376	-0.00005525	0.72288675	-0.60206242	0.61498745	2.44686651	1.02159070	0.00085960	0.00030937	1.46768783	1.48369888	0.00000000	0.00000000	0.14156061	0.16330175	0.89697625	0.00000000	0.57045656	1.00000000	0.00000000	0.00000000	0.02781815	0.11749334	1.00000000	0.00000000	0.63339381	0.70206944
3.06483516	-0.65477652	0.01169372	-0.06880765	-0.33159983	0.65886276	-0.62359555	1.62453701	-0.27035825	-0.06208325	1.48533147	0.43228548	-0.01231940	0.00000720	1.64875754	-0.39842741	-0.04439117	1.50173920	0.43911073	0.00345376	-0.00001527	0.01281978	0.01103978	-0.06327543	0.81946618	-0.47386008	0.67021393	2.42845564	1.01767120	0.00045376	-0.00005525	0.73790835	-0.60019155	0.61504210	2.44586672	1.02158707	0.00085960	0.00030937	1.48533147	1.50173920	0.00000000	0.00000000	0.13709884	0.16783116	0.92253974	0.00000000	0.57466409	1.00000000	0.00000000	0.00000000	0.02347416	0.13348480	1.00000000	0.00000000	0.60958312	0.67110058
3.07472527	-0.65937103	0.01204359	-0.07004845	-0.33356410	0.65312092	-0.62346581	1.64366255	-0.27152817	-0.05890751	1.50247690	0.43513319	-0.01231940	0.00000720	1.66876214	-0.40071340	-0.03785614	1.51934095	0.44220321	0.00345376	-0.00001527	0.00878364	0.01083206	-0.06127338	0.83337989	-0.47329605	0.67041513	2.42862907	1.01767829	0.00045376	-0.00005525	0.75225465	-0.59761388	0.61358233	2.44549394	1.02158341	0.00085960	0.00030937	1.50247690	1.51934095	0.00000000	0.00000000	0.13187279	0.17226024	0.94911569	0.00000000	0.57906362	1.00000000	0.00000000	0.00000000	0.02056253	0.14950140	1.00000000	0.00000000	0.58501492	0.63875785
3.08461538	-0.66266561	0.01195278	-0.07186745	-0.33546163	0.64761782	-0.62328372	1.66070874	-0.27184731	-0.05623333	1.51878821	0.43798445	-0.01231940	0.00000720	1.68722916	-0.40351752	-0.03097685	1.53649245	0.44564323	0.00345376	-0.00001527	0.00311038	0.01101769	-0.05878611	0.84743772	-0.47289322	0.67098782	2.42889902	1.01768537	0.00045376	-0.00005525	0.76658201	-0.59462995	0.61115434	2.44535107	1.02157970	0.00085960	0.00030937	1.51878821	1.53649245	0.00000000	0.00000000	0.12565441	0.17704037	0.97600608	0.00000000	0.58325161	1.00000000	0.00000000	0.00000000	0.01906707	0.16548266	1.00000000	0.00000000	0.55985205	0.60526503
3.09450549	-0.66497278	0.01200167	-0.07378671	-0.33729763	0.64232905	-0.62306953	1.67627133	-0.27194903	-0.05373538	1.53429685	0.44092755	-0.01231940	0.00000720	1.70412797	-0.40620815	-0.02428747	1.55298829	0.44897873	0.00345376	-0.00001527	-0.00372278	0.01082972	-0.05581269	0.86100125	-0.47263252	0.67073458	2.42933782	1.01769244	0.00045376	-0.00005525	0.78150157	-0.59217745	0.60989881	2.44490984	1.02157594	0.00085960	0.00030937	1.53429685	1.55298829	0.00000000	0.00000000	0.11751755	0.18389261	1.00000000	0.00000000	0.58515109	1.00000000	0.00000000	0.00000000	0.01882038	0.18145801	1.00000000	0.00000000	0.53421489	0.57088237
3.10439560	-0.66686674	0.01272655	-0.07516277	-0.33906253	0.63718753	-0.62285379	1.69133863	-0.27269747	-0.05087023	1.54935960	0.44409479	-0.01231940	0.00000720	1.71970243	-0.40826932	-0.01857527	1.56862097	0.45187981	0.00345376	-0.00001527	-0.01077938	0.00957687	-0.05299494	0.87351503	-0.47234108	0.66926003	2.42977727	1.01769949	0.00045376	-0.00005525	0.79698710	-0.59073555	0.61059295	2.44414535	1.02157213	0.00085960	0.00030937	1.54935960	1.56862097	0.00000000	0.01520644	0.09701802	0.20532606	1.00000000	0.00000000	0.57337631	1.00000000	0.00000000	0.00000000	0.01950495	0.19757047	1.00000000	0.00000000	0.50815872	0.53588859
3.11428571	-0.66888653	0.01385187	-0.07598124	-0.34076749	0.63213785	-0.62261012	1.70645802	-0.27384192	-0.04760747	1.56414923	0.44738605	-0.01231940	0.00000720	1.73476501	-0.41001404	-0.01363591	1.58344080	0.45432837	0.00345376	-0.00001527	-0.01734671	0.00757174	-0.05081363	0.88500769	-0.47173272	0.66727749	2.43008755	1.01770652	0.00045376	-0.00005525	0.81253948	-0.58983465	0.61180487	2.44338782	1.02156827	0.00085960	0.00030937	1.56414923	1.58344080	0.00000000	0.04106080	0.07246770	0.22919964	1.00000000	0.00000000	0.56267106	1.00000000	0.00000000	0.00000000	0.02069498	0.21408363	1.00000000	0.00000000	0.48167505	0.50060558
3.12417582	-0.67132355	0.01490214	-0.07670695	-0.34244273	0.62716644	-0.62230092	1.72170480	-0.27446886	-0.04415217	1.57850275	0.45039807	-0.01231940	0.00000720	1.75005465	-0.41200753	-0.00880925	1.59765402	0.45644210	0.00345376	-0.00001527	-0.02321895	0.00546676	-0.04916955	0.89593675	-0.47085109	0.66591983	2.43048535	1.01771354	0.00045376	-0.00005525	0.82772544	-0.58897776	0.61221802	2.44296519	1.02156438	0.00085960	0.00030937	1.57850275	1.59765402	0.00000000	0.06671093	0.04719667	0.25430633	1.00000000	0.00000000	0.55121338	1.00000000	0.00000000	0.00000000	0.02187824	0.23136648	1.00000000	0.00000000	0.45471481	0.46543928
3.13406593	-0.67415867	0.01584118	-0.07751826	-0.34410467	0.62228946	-0.62194791	1.73702984	-0.27435345	-0.04050762	1.59231390	0.45274742	-0.01231940	0.00000720	1.76560404	-0.41411427	-0.00387631	1.61136191	0.45827652	0.00345376	-0.00001527	-0.02853145	0.00344036	-0.04781136	0.90664266	-0.46993620	0.66556792	2.43118510	1.01772055	0.00045376	-0.00005525	0.84255425	-0.58842811	0.61241398	2.44296629	1.02156043	0.00085960	0.00030937	1.59231390	1.61136191	0.00000000	0.09252890	0.02120548	0.28101609	1.00000000	0.00000000	0.53876094	1.00000000	0.00000000	0.00000000	0.02251323	0.24983917	1.00000000	0.00000000	0.42716807	0.43075183
3.14395604	-0.67687818	0.01679902	-0.07785937	-0.34573447	0.61755391	-0.62165442	1.75203158	-0.27454437	-0.03662819	1.60579487	0.45448340	-0.01231940	0.00000720	1.78060368	-0.41533168	0.00091906	1.62448775	0.45985687	0.00345376	-0.00001527	-0.03391887	0.00146230	-0.04709358	0.91733431	-0.46895873	0.66575248	2.43200386	1.01772754	0.00045376	-0.00005525	0.85735536	-0.58865989	0.61358566	2.44335107	1.02155643	0.00085960	0.00030937	1.60579487	1.62448775	0.00000000	0.11066443	0.00000000	0.30907211	1.00000000	0.00000000	0.52144016	0.99324475	0.00000000	0.00000000	0.02211136	0.26994810	1.00000000	0.00000000	0.39881099	0.39671488
3.15384615	-0.67874167	0.01766133	-0.07700705	-0.34730051	0.61302123	-0.62154759	1.76596647	-0.27633310	-0.03262623	1.61917696	0.45606632	-0.01231940	0.00000720	1.79412282	-0.41470947	0.00538163	1.63699490	0.46127068	0.00345376	-0.00001527	-0.04030946	-0.00015601	-0.04771743	0.92835931	-0.46784856	0.66612899	2.43273495	1.01773451	0.00045376	-0.00005525	0.87228482	-0.58938319	0.61543857	2.44409233	1.02155240	0.00085960	0.00030937	1.61917696	1.63699490	0.00000000	0.09350719	0.00000000	0.33761271	1.00000000	0.00000000	0.48562570	0.95438974	0.00000000	0.00000000	0.02026530	0.29213910	1.00000000	0.00000000	0.36925167	0.36315857
3.16373626	-0.67959748	0.01813743	-0.07502820	-0.34879601	0.60871052	-0.62166258	1.77849202	-0.27976026	-0.02876324	1.63231685	0.45791515	-0.01231940	0.00000720	1.80619952	-0.41236466	0.00977411	1.64904262	0.46261569	0.00345376	-0.00001527	-0.04792752	-0.00088182	-0.04961618	0.93996673	-0.46694974	0.66699976	2.43356628	1.01774148	0.00045376	-0.00005525	0.88712310	-0.58979977	0.61676491	2.44502663	1.02154831	0.00085960	0.00030937	1.63231685	1.64904262	0.00000000	0.07616664	0.00000000	0.36885856	1.00000000	0.00000000	0.44748875	0.91486197	0.00000000	0.00000000	0.01666377	0.31683009	1.00000000	0.00000000	0.33792254	0.32951831
3.17362637	-0.67997705	0.01807714	-0.07280278	-0.35023311	0.60459417	-0.62189336	1.78988040	-0.28360635	-0.02534459	1.64480074	0.46006563	-0.01231940	0.00000720	1.81764462	-0.40944761	0.01448944	1.66076222	0.46397225	0.00345376	-0.00001527	-0.05606294	-0.00059943	-0.05176441	0.95184646	-0.46666444	0.66874474	2.43471517	1.01774843	0.00045376	-0.00005525	0.90166708	-0.58975033	0.61773311	2.44576778	1.02154418	0.00085960	0.00030937	1.64480074	1.66076222	0.00000000	0.05785448	0.00000000	0.40288197	1.00000000	0.00000000	0.40669305	0.87428108	0.00000000	0.00000000	0.01110790	0.34437823	1.00000000	0.00000000	0.30413532	0.29489968
3.18351648	-0.68035981	0.01770386	-0.07107269	-0.35161801	0.60065305	-0.62208859	1.80055170	-0.28673315	-0.02236062	1.65640754	0.46222373	-0.01231940	0.00000720	1.82886736	-0.40710805	0.01929105	1.67202790	0.46540818	0.00345376	-0.00001527	-0.06399914	0.00008269	-0.05331185	0.96327551	-0.46682471	0.67110032	2.43601124	1.01775537	0.00045376	-0.00005525	0.91605075	-0.58983109	0.61981189	2.44603946	1.02154000	0.00085960	0.00030937	1.65640754	1.67202790	0.00000000	0.03745472	0.00000000	0.43966275	1.00000000	0.00000000	0.36289886	0.83218175	0.00000000	0.00000000	0.00355332	0.37503859	1.00000000	0.00000000	0.26717439	0.25820540
3.19340659	-0.68077271	0.01722712	-0.06993881	-0.35296290	0.59690396	-0.62217650	1.81066995	-0.28879888	-0.01961935	1.66725621	0.46410361	-0.01231940	0.00000720	1.83977167	-0.40566139	0.02386795	1.68266389	0.46680095	0.00345376	-0.00001527	-0.07171287	0.00064882	-0.05434515	0.97397653	-0.46678334	0.67344546	2.43710978	1.01776229	0.00045376	-0.00005525	0.93045756	-0.59044750	0.62315627	2.44615462	1.02153579	0.00085960	0.00030937	1.66725621	1.68266389	0.00000000	0.01380456	0.00000000	0.47904298	1.00000000	0.00000000	0.31588882	0.78815942	0.00000000	0.00000000	0.00000000	0.40918996	1.00000000	0.00000000	0.22487151	0.21524076
3.20329670	-0.68133949	0.01605295	-0.06966689	-0.35430673	0.59334981	-0.62212326	1.82017292	-0.28937664	-0.01785406	1.67738276	0.46557522	-0.01231940	0.00000720	1.85109126	-0.40517516	0.02947571	1.69276011	0.46772125	0.00345376	-0.00001527	-0.07923950	0.00175653	-0.05487288	0.98438460	-0.46610359	0.67556296	2.43786490	1.01776920	0.00045376	-0.00005525	0.94474561	-0.59147965	0.62605923	2.44678458	1.02153153	0.00085960	0.00030937	1.67738276	1.69276011	0.00000000	0.00000000	0.00000000	0.52075624	1.00000000	0.00000000	0.27103512	0.75021860	0.00000000	0.00000000	0.00000000	0.50142721	0.89598193	0.00000000	0.08663962	0.08731122
3.21318681	-0.68279625	0.01310739	-0.07120674	-0.35568508	0.58993874	-0.62184107	1.82917161	-0.28744791	-0.01875078	1.68645967	0.46642122	-0.01231940	0.00000720	1.86460728	-0.40633049	0.03833122	1.70252225	0.46779407	0.00345376	-0.00001527	-0.08573946	0.00462611	-0.05376265	0.99461634	-0.46505989	0.67754700	2.43840595	1.01777610	0.00045376	-0.00005525	0.95861027	-0.59268864	0.62783608	2.44795389	1.02152723	0.00085960	0.00030937	1.68645967	1.70252225	0.01045379	0.00000000	0.00000000	0.56887420	1.00000000	0.00000000	0.22535729	0.71775875	0.00742623	0.00000000	0.00000000	0.56359916	0.85911812	0.00000000	0.00000000	0.00384365
3.22307692	-0.68563530	0.00841401	-0.07480528	-0.35706712	0.58664420	-0.62131670	1.83794126	-0.28302225	-0.02268079	1.69425665	0.46638052	-0.01231940	0.00000720	1.88070337	-0.40941127	0.05038044	1.71184637	0.46720260	0.00345376	-0.00001527	-0.09037351	0.00920699	-0.05022877	1.00390321	-0.46429190	0.67925114	2.43893623	1.01778299	0.00045376	-0.00005525	0.97191041	-0.59382440	0.63019904	2.44880945	1.02152288	0.00085960	0.00030937	1.69425665	1.71184637	0.03152422	0.00000000	0.00000000	0.62242206	1.00000000	0.00000000	0.17422049	0.68278378	0.02513444	0.00000000	0.00000000	0.57047793	0.93924496	0.00000000	0.00638574	0.00000000
3.23296703	-0.68906621	0.00357934	-0.07881257	-0.35836281	0.58355688	-0.62075851	1.84642341	-0.27828971	-0.02738697	1.70110875	0.46567249	-0.01231940	0.00000720	1.89680509	-0.41294741	0.06234042	1.72029942	0.46656476	0.00345376	-0.00001527	-0.09382838	0.01388484	-0.04581884	1.01158558	-0.46392813	0.68039865	2.43944679	1.01778987	0.00045376	-0.00005525	0.98454665	-0.59457331	0.63450833	2.44883081	1.02151849	0.00085960	0.00030937	1.70110875	1.72029942	0.05373070	0.00000000	0.00000000	0.67549841	1.00000000	0.00000000	0.12350802	0.64853272	0.03897486	0.00000000	0.00000000	0.58296340	1.00000000	0.01825905	0.00429596	0.00000000
3.24285714	-0.69179258	0.00010901	-0.08120788	-0.35951316	0.58080690	-0.62041859	1.85420334	-0.27561839	-0.03030747	1.70754147	0.46504288	-0.01231940	0.00000720	1.90994298	-0.41493100	0.07119209	1.72756841	0.46625330	0.00345376	-0.00001527	-0.09763209	0.01725941	-0.04303121	1.01786964	-0.46345363	0.68092524	2.43972660	1.01779673	0.00045376	-0.00005525	0.99630089	-0.59476278	0.63954656	2.44855780	1.02151406	0.00085960	0.00030937	1.70754147	1.72756841	0.07582302	0.00000000	0.00000000	0.72593537	1.00000000	0.00000000	0.07489151	0.61536096	0.03431615	0.00000000	0.00000000	0.60070889	1.00000000	0.15617572	0.00000000	0.05053233
3.25274725	-0.69338358	-0.00201983	-0.08175816	-0.36053026	0.57843629	-0.62031226	1.86095801	-0.27513248	-0.03122439	1.71365820	0.46502639	-0.01231940	0.00000720	1.91974019	-0.41504914	0.07705301	1.73373647	0.46611924	0.00345376	-0.00001527	-0.10239209	0.01931676	-0.04239122	1.02319894	-0.46253492	0.68080867	2.43965525	1.01780358	0.00045376	-0.00005525	1.00715750	-0.59435011	0.64337618	2.44858130	1.02150958	0.00085960	0.00030937	1.71365820	1.73373647	0.09644647	0.00000000	0.00000000	0.77153358	1.00000000	0.00000000	0.03002342	0.58354590	0.02967201	0.00000000	0.00000000	0.61428501	1.00000000	0.30557934	0.00000000	0.11144656
3.26263736	-0.69399569	-0.00368124	-0.08163210	-0.36144076	0.57642802	-0.62027964	1.86640779	-0.27540459	-0.03150676	1.71918829	0.46546308	-0.01231940	0.00000720	1.92738320	-0.41453467	0.08161184	1.73906528	0.46593832	0.00345376	-0.00001527	-0.10793969	0.02072589	-0.04248435	1.02770580	-0.46147185	0.67990777	2.43924751	1.01781041	0.00045376	-0.00005525	1.01750593	-0.59326203	0.64583442	2.44860727	1.02150506	0.00085960	0.00030937	1.71918829	1.73906528	0.10820530	0.00000000	0.00000000	0.80396492	1.00000000	0.00000000	0.00000000	0.56185324	0.02538768	0.00000000	0.00000000	0.62517538	1.00000000	0.43720077	0.00000000	0.16353723
3.27252747	-0.69344820	-0.00538284	-0.08157179	-0.36223255	0.57479731	-0.62024658	1.87003547	-0.27565817	-0.03196433	1.72390021	0.46588640	-0.01231940	0.00000720	1.93315941	-0.41428353	0.08552693	1.74367198	0.46577071	0.00345376	-0.00001527	-0.11443571	0.02195845	-0.04223558	1.03147867	-0.46075086	0.67821054	2.43849940	1.01781723	0.00045376	-0.00005525	1.02765096	-0.59167175	0.64802492	2.44811548	1.02150050	0.00085960	0.00030937	1.72390021	1.74367198	0.10125526	0.00000000	0.00000000	0.81219978	1.00000000	0.00000000	0.00000000	0.56276661	0.02185141	0.00000000	0.00000000	0.63331664	1.00000000	0.54796644	0.00000000	0.20590362
3.28241758	-0.69172439	-0.00705993	-0.08141584	-0.36287459	0.57355059	-0.62026141	1.87173609	-0.27616710	-0.03243648	1.72773912	0.46608526	-0.01231940	0.00000720	1.93677068	-0.41417478	0.08841600	1.74748846	0.46574269	0.00345376	-0.00001527	-0.12176938	0.02316170	-0.04176872	1.03447010	-0.46049028	0.67594834	2.43745537	1.01782403	0.00045376	-0.00005525	1.03718731	-0.59013345	0.65054753	2.44721442	1.02149589	0.00085960	0.00030937	1.72773912	1.74748846	0.09697715	0.00000000	0.00000000	0.81666057	1.00000000	0.02415719	0.00000000	0.57001291	0.01921639	0.00000000	0.00000000	0.63863699	1.00000000	0.63598565	0.00000000	0.23798267
3.29230769	-0.68980401	-0.00843736	-0.08091201	-0.36336147	0.57260132	-0.62034704	1.87253514	-0.27714784	-0.03261036	1.73074793	0.46614626	-0.01231940	0.00000720	1.93891988	-0.41388892	0.09012712	1.75044662	0.46573461	0.00345376	-0.00001527	-0.12852065	0.02421868	-0.04155658	1.03609193	-0.46032051	0.67336197	2.43624687	1.01783081	0.00045376	-0.00005525	1.04513461	-0.58890109	0.65317393	2.44623540	1.02149124	0.00085960	0.00030937	1.73074793	1.75044662	0.09555816	0.00000000	0.00000000	0.81744668	1.00000000	0.07052271	0.00000000	0.58305917	0.01741561	0.00000000	0.00000000	0.64107070	1.00000000	0.70058548	0.00000000	0.25956338
3.30219780	-0.68888145	-0.00937451	-0.08013942	-0.36371286	0.57183124	-0.62046003	1.87370186	-0.27833868	-0.03250304	1.73302325	0.46620821	-0.01231940	0.00000720	1.94093164	-0.41346931	0.09106594	1.75261323	0.46547489	0.00345376	-0.00001527	-0.13303743	0.02495855	-0.04180838	1.03570626	-0.45973043	0.67058486	2.43489719	1.01783758	0.00045376	-0.00005525	1.05079440	-0.58751520	0.65552271	2.44510029	1.02148654	0.00085960	0.00030937	1.73302325	1.75261323	0.09407246	0.00000000	0.00000000	0.81341911	1.00000000	0.09874836	0.00000000	0.58506850	0.01625674	0.00000000	0.00000000	0.64060191	1.00000000	0.74220004	0.00000000	0.27082360
3.31208791	-0.68913442	-0.00998909	-0.07927869	-0.36394368	0.57120807	-0.62056676	1.87542058	-0.27945786	-0.03234129	1.73464583	0.46633866	-0.01231940	0.00000720	1.94328929	-0.41314710	0.09159918	1.75411991	0.46492332	0.00345376	-0.00001527	-0.13510592	0.02545450	-0.04251057	1.03346717	-0.45858938	0.66787119	2.43333288	1.01784433	0.00045376	-0.00005525	1.05425464	-0.58563327	0.65730177	2.44378089	1.02148180	0.00085960	0.00030937	1.73464583	1.75411991	0.09290243	0.00000000	0.00000000	0.80513704	1.00000000	0.10880943	0.00000000	0.57684918	0.01555056	0.00000000	0.00000000	0.63731408	1.00000000	0.76209906	0.00000000	0.27232865
3.32197802	-0.68986347	-0.01047215	-0.07844004	-0.36405556	0.57078569	-0.62067555	1.87693152	-0.28043741	-0.03226733	1.73559030	0.46652347	-0.01231940	0.00000720	1.94541740	-0.41309930	0.09164886	1.75502021	0.46439766	0.00345376	-0.00001527	-0.13575454	0.02594710	-0.04351823	1.03019669	-0.45720641	0.66573743	2.43165839	1.01785106	0.00045376	-0.00005525	1.05603834	-0.58380890	0.65822905	2.44289274	1.02147701	0.00085960	0.00030937	1.73559030	1.75502021	0.09245803	0.00000000	0.00000000	0.79327168	1.00000000	0.10139470	0.00000000	0.55954956	0.01522137	0.00000000	0.00000000	0.63142299	1.00000000	0.76203046	0.00000000	0.26496197
3.33186813	-0.69042235	-0.01091252	-0.07769750	-0.36405112	0.57062055	-0.62080262	1.87754892	-0.28125898	-0.03227894	1.73577321	0.46667536	-0.01231940	0.00000720	1.94660115	-0.41334503	0.09102483	1.75527886	0.46418312	0.00345376	-0.00001527	-0.13595927	0.02657317	-0.04459775	1.02657486	-0.45586906	0.66460257	2.43018487	1.01785778	0.00045376	-0.00005525	1.05663337	-0.58285414	0.65830140	2.44304505	1.02147218	0.00085960	0.00030937	1.73577321	1.75527886	0.09311907	0.00000000	0.00000000	0.77853088	1.00000000	0.07783998	0.00000000	0.53453777	0.01535931	0.00000000	0.00000000	0.62328469	1.00000000	0.74396296	0.00000000	0.24984373
3.34175824	-0.69073092	-0.01136225	-0.07715597	-0.36394264	0.57071243	-0.62094285	1.87720873	-0.28178849	-0.03242316	1.73517715	0.46668608	-0.01231940	0.00000720	1.94676626	-0.41376230	0.08995176	1.75487916	0.46419138	0.00345376	-0.00001527	-0.13589370	0.02734594	-0.04546314	1.02268404	-0.45465737	0.66431733	2.42919411	1.01786448	0.00045376	-0.00005525	1.05637175	-0.58276292	0.65799204	2.44391706	1.02146731	0.00085960	0.00030937	1.73517715	1.75487916	0.09518585	0.00000000	0.00000000	0.76160164	1.00000000	0.03997766	0.00000000	0.50328065	0.01619000	0.00000000	0.00000000	0.61336986	1.00000000	0.70998905	0.00000000	0.22826448
3.35164835	-0.69118346	-0.01192105	-0.07695487	-0.36374842	0.57100268	-0.62107639	1.87635327	-0.28179115	-0.03287221	1.73387768	0.46649784	-0.01231940	0.00000720	1.94651350	-0.41422864	0.08898761	1.75388402	0.46417287	0.00345376	-0.00001527	-0.13503240	0.02829436	-0.04582661	1.01824694	-0.45374219	0.66427833	2.42883908	1.01787117	0.00045376	-0.00005525	1.05539133	-0.58271974	0.65774098	2.44469033	1.02146240	0.00085960	0.00030937	1.73387768	1.75388402	0.09967766	0.00000000	0.00000000	0.74349668	1.00000000	0.00000000	0.00000000	0.47157158	0.01798735	0.00000000	0.00000000	0.60220923	1.00000000	0.66228844	0.00000000	0.20159982
3.36153846	-0.69219527	-0.01264711	-0.07709898	-0.36348715	0.57142214	-0.62119752	1.87549777	-0.28117172	-0.03366141	1.73199870	0.46611682	-0.01231940	0.00000720	1.94647634	-0.41461409	0.08842604	1.75238378	0.46404068	0.00345376	-0.00001527	-0.13282170	0.02945830	-0.04564215	1.01319689	-0.45341666	0.66410986	2.42915393	1.01787784	0.00045376	-0.00005525	1.05368930	-0.58208471	0.65744597	2.44521986	1.02145745	0.00085960	0.00030937	1.73199870	1.75238378	0.10307820	0.00000000	0.00000000	0.71897860	1.00000000	0.00000000	0.01082783	0.46747099	0.02097986	0.00000000	0.00000000	0.59032516	1.00000000	0.60309344	0.00000000	0.17120811
3.37142857	-0.69374215	-0.01344605	-0.07730853	-0.36317419	0.57194823	-0.62132708	1.87479105	-0.28020288	-0.03447659	1.72968007	0.46558889	-0.01231940	0.00000720	1.94664248	-0.41463701	0.08805599	1.75044989	0.46380023	0.00345376	-0.00001527	-0.12936460	0.03075054	-0.04528627	1.00792633	-0.45374582	0.66405029	2.43001348	1.01788449	0.00045376	-0.00005525	1.05145138	-0.58118397	0.65695619	2.44619496	1.02145245	0.00085960	0.00030937	1.72968007	1.75044989	0.09420462	0.00000000	0.00000000	0.67891635	1.00000000	0.00000000	0.04433478	0.48438594	0.02528510	0.00000000	0.00000000	0.57817463	1.00000000	0.53467704	0.00000000	0.13834657
3.38131868	-0.69536677	-0.01412828	-0.07721669	-0.36281696	0.57260663	-0.62148890	1.87394539	-0.27938745	-0.03493253	1.72704671	0.46500078	-0.01231940	0.00000720	1.94641012	-0.41398526	0.08756657	1.74817275	0.46335698	0.00345376	-0.00001527	-0.12538075	0.03192556	-0.04522259	1.00289248	-0.45454351	0.66437276	2.43121614	1.01789113	0.00045376	-0.00005525	1.04924003	-0.58101654	0.65687949	2.44813067	1.02144742	0.00085960	0.00030937	1.72704671	1.74817275	0.08582396	0.00000000	0.00000000	0.63774061	1.00000000	0.00000000	0.07960519	0.50418353	0.03088972	0.00000000	0.00000000	0.56611505	1.00000000	0.45930521	0.00000000	0.10410891
3.39120879	-0.69669828	-0.01452947	-0.07671610	-0.36241663	0.57341595	-0.62168498	1.87268431	-0.27903342	-0.03496025	1.72417449	0.46444652	-0.01231940	0.00000720	1.94529390	-0.41264643	0.08683593	1.74565181	0.46262097	0.00345376	-0.00001527	-0.12142942	0.03272791	-0.04556900	0.99814862	-0.45561542	0.66474501	2.43263027	1.01789775	0.00045376	-0.00005525	1.04754164	-0.58220993	0.65821597	2.45066850	1.02144234	0.00085960	0.00030937	1.72417449	1.74565181	0.07802835	0.00000000	0.00000000	0.59627134	1.00000000	0.00000000	0.11577187	0.52618400	0.03767150	0.00000000	0.00000000	0.55439650	1.00000000	0.37918111	0.00000000	0.06940050
3.40109890	-0.69785330	-0.01456780	-0.07601010	-0.36198061	0.57435021	-0.62190205	1.87116782	-0.27897865	-0.03473585	1.72107487	0.46391124	-0.01231940	0.00000720	1.94341542	-0.41095115	0.08577221	1.74290168	0.46171378	0.00345376	-0.00001527	-0.11738261	0.03309236	-0.04619395	0.99352813	-0.45676741	0.66488280	2.43413566	1.01790436	0.00045376	-0.00005525	1.04620553	-0.58454383	0.66117930	2.45309896	1.02143723	0.00085960	0.00030937	1.72107487	1.74290168	0.06696711	0.00000000	0.00000000	0.57345391	0.96315253	0.00000000	0.12096491	0.52210275	0.04544494	0.00000000	0.00000000	0.54317577	1.00000000	0.29637173	0.00000000	0.03494715
3.41098901	-0.69923037	-0.01431813	-0.07540944	-0.36153332	0.57536372	-0.62212919	1.86978550	-0.27872183	-0.03444117	1.71769598	0.46324038	-0.01231940	0.00000720	1.94133222	-0.40926649	0.08436658	1.73986452	0.46086725	0.00345376	-0.00001527	-0.11281477	0.03325793	-0.04696738	0.98917992	-0.45785862	0.66550670	2.43557654	1.01791096	0.00045376	-0.00005525	1.04469215	-0.58753337	0.66495830	2.45527277	1.02143207	0.00085960	0.00030937	1.71769598	1.73986452	0.04996216	0.00000000	0.00000000	0.58336985	0.86235999	0.00000000	0.07147885	0.47075383	0.05400940	0.00000000	0.00000000	0.53254856	1.00000000	0.21277048	0.00000000	0.00133439
3.42087912	-0.70099544	-0.01405454	-0.07518255	-0.36110917	0.57643822	-0.62235910	1.86859738	-0.27780762	-0.03428870	1.71396568	0.46232330	-0.01231940	0.00000720	1.93950940	-0.40776719	0.08301804	1.73654177	0.46017517	0.00345376	-0.00001527	-0.10773817	0.03366061	-0.04773023	0.98562371	-0.45896274	0.66759100	2.43690119	1.01791754	0.00045376	-0.00005525	1.04277793	-0.59104323	0.66851121	2.45767850	1.02142689	0.00085960	0.00030937	1.71396568	1.73654177	0.03554260	0.00000000	0.00000000	0.58721975	0.77709703	0.00000000	0.03379135	0.43114561	0.06201200	0.00000000	0.00000000	0.51785561	1.00000000	0.17056942	0.01014792	0.00000000
3.43076923	-0.70291691	-0.01405023	-0.07542345	-0.36073018	0.57758493	-0.62258624	1.86727332	-0.27618870	-0.03448490	1.70990457	0.46124514	-0.01231940	0.00000720	1.93795380	-0.40641114	0.08228713	1.73301345	0.45958091	0.00345376	-0.00001527	-0.10266270	0.03457088	-0.04838878	0.98322914	-0.46014187	0.67083799	2.43815186	1.01792411	0.00045376	-0.00005525	1.04066679	-0.59513670	0.67118319	2.46073121	1.02142166	0.00085960	0.00030937	1.70990457	1.73301345	0.02346526	0.00000000	0.00000000	0.58603704	0.70594425	0.00000000	0.00626481	0.40166312	0.06649812	0.00000000	0.00000000	0.49924448	1.00000000	0.12122894	0.02777228	0.00000000
3.44065934	-0.70474030	-0.01425499	-0.07586734	-0.36039094	0.57879698	-0.62281639	1.86568543	-0.27436059	-0.03491427	1.70569963	0.46015146	-0.01231940	0.00000720	1.93635995	-0.40493186	0.08213597	1.72933373	0.45898310	0.00345376	-0.00001527	-0.09788512	0.03576549	-0.04914006	0.98176182	-0.46130435	0.67396772	2.43931854	1.01793067	0.00045376	-0.00005525	1.03865151	-0.59970862	0.67317328	2.46416925	1.02141639	0.00085960	0.00030937	1.70569963	1.72933373	0.01422702	0.00000000	0.00000000	0.57339857	0.66072234	0.00466616	0.00000000	0.39404209	0.07138793	0.00000000	0.00000000	0.48210821	1.00000000	0.07338488	0.04414773	0.00000000
3.45054945	-0.70643260	-0.01433561	-0.07606784	-0.36006814	0.58003226	-0.62306380	1.86410125	-0.27300625	-0.03517303	1.70158207	0.45908911	-0.01231940	0.00000720	1.93448223	-0.40307191	0.08185706	1.72555532	0.45830047	0.00345376	-0.00001527	-0.09321162	0.03669595	-0.05010380	0.98058320	-0.46270050	0.67636712	2.44039744	1.01793721	0.00045376	-0.00005525	1.03710708	-0.60454223	0.67580626	2.46704779	1.02141108	0.00085960	0.00030937	1.70158207	1.72555532	0.00645514	0.00000000	0.00000000	0.55798436	0.62543192	0.01008364	0.00000000	0.39296090	0.07415214	0.00000000	0.00000000	0.47076230	0.98653346	0.03846942	0.05253800	0.00000000
3.46043956	-0.70797607	-0.01410419	-0.07596298	-0.35974744	0.58126142	-0.62332589	1.86262204	-0.27229521	-0.03511817	1.69759981	0.45806751	-0.01231940	0.00000720	1.93227820	-0.40103376	0.08092680	1.72181590	0.45758895	0.00345376	-0.00001527	-0.08854533	0.03708802	-0.05084029	0.97931456	-0.46491706	0.67846736	2.44148711	1.01794373	0.00045376	-0.00005525	1.03641298	-0.60955835	0.68037998	2.46856491	1.02140574	0.00085960	0.00030937	1.69759981	1.72181590	0.00000000	0.00054291	0.00000445	0.54357894	0.59366836	0.01407372	0.00000000	0.39184167	0.07180523	0.00000000	0.00000000	0.47015128	0.94413422	0.02958209	0.04519452	0.00000000
3.47032967	-0.70937737	-0.01368038	-0.07593320	-0.35944559	0.58248948	-0.62358293	1.86109878	-0.27173163	-0.03497834	1.69360070	0.45707664	-0.01231940	0.00000720	1.92991756	-0.39930756	0.07947434	1.71818538	0.45704970	0.00345376	-0.00001527	-0.08406357	0.03718690	-0.05096656	0.97812713	-0.46782542	0.68070981	2.44264071	1.01795024	0.00045376	-0.00005525	1.03635190	-0.61477930	0.68637150	2.46915949	1.02140036	0.00085960	0.00030937	1.69360070	1.71818538	0.00000000	0.00004761	0.00558763	0.52991033	0.57116487	0.01311950	0.00000000	0.38765315	0.07077821	0.00000000	0.00000000	0.46943582	0.90839652	0.01879869	0.03923564	0.00000000
3.48021978	-0.71074479	-0.01319687	-0.07619820	-0.35919758	0.58372539	-0.62382943	1.85954198	-0.27083874	-0.03484337	1.68949357	0.45605040	-0.01231940	0.00000720	1.92757363	-0.39799309	0.07782189	1.71453734	0.45680817	0.00345376	-0.00001527	-0.07990017	0.03729929	-0.05090667	0.97741998	-0.47039539	0.68310832	2.44369331	1.01795673	0.00045376	-0.00005525	1.03616451	-0.61998485	0.69175978	2.46995578	1.02139493	0.00085960	0.00030937	1.68949357	1.71453734	0.00000000	0.00000034	0.00993523	0.51725263	0.55120244	0.01181158	0.00000000	0.38391139	0.07108210	0.00000000	0.00000000	0.46854192	0.87960240	0.00604511	0.03478219	0.00000000
3.49010989	-0.71205887	-0.01259856	-0.07657784	-0.35901968	0.58496381	-0.62407539	1.85807112	-0.26968430	-0.03452828	1.68539084	0.45497324	-0.01231940	0.00000720	1.92517947	-0.39674687	0.07613486	1.71079428	0.45668967	0.00345376	-0.00001527	-0.07615315	0.03735753	-0.05124122	0.97740089	-0.47210625	0.68576655	2.44445124	1.01796320	0.00045376	-0.00005525	1.03557296	-0.62476954	0.69543278	2.47112264	1.02138946	0.00085960	0.00030937	1.68539084	1.71079428	0.00000000	0.00000063	0.01319049	0.50555286	0.53408235	0.00996176	0.00000000	0.38038188	0.07093854	0.00000000	0.00000000	0.47040491	0.84847049	0.00000000	0.02716097	0.00000000
3.50000000	-0.71331404	-0.01178027	-0.07686789	-0.35890423	0.58617497	-0.62432172	1.85684246	-0.26864334	-0.03398352	1.68141771	0.45389402	-0.01231940	0.00000720	1.92277168	-0.39528754	0.07460395	1.70710952	0.45626673	0.00345376	-0.00001527	-0.07272320	0.03710189	-0.05179487	0.97785643	-0.47366349	0.68885745	2.44505716	1.01796966	0.00045376	-0.00005525	1.03503604	-0.62918766	0.69839932	2.47199553	1.02138396	0.00085960	0.00030937	1.68141771	1.70710952	0.00000000	0.00000012	0.01533508	0.49483846	0.51990087	0.00735375	0.00000000	0.37692742	0.09027072	0.00000000	0.00000000	0.38915290	1.00000000	0.00000000	0.16376899	0.12823951
3.50989011	-0.71475068	-0.01080269	-0.07707713	-0.35883832	0.58731062	-0.62455609	1.85606822	-0.26795953	-0.03348673	1.67756608	0.45280160	-0.01231940	0.00000720	1.92073122	-0.39364065	0.07339882	1.70364150	0.45533572	0.00345376	-0.00001527	-0.06918349	0.03651026	-0.05196652	0.97826883	-0.47593450	0.69187979	2.44586302	1.01797609	0.00045376	-0.00005525	1.03494873	-0.63369346	0.70226181	2.47220624	1.02137841	0.00085960	0.00030937	1.67756608	1.70364150	0.00000000	0.00000017	0.01641754	0.48511882	0.50867576	0.00387086	0.00000000	0.37343690	0.09303177	0.00000000	0.00000000	0.38048956	1.00000000	0.00000000	0.17659311	0.14792347
3.51978022	-0.71645941	-0.00994057	-0.07728182	-0.35881094	0.58835044	-0.62477093	1.85567619	-0.26762163	-0.03337661	1.67382513	0.45164957	-0.01231940	0.00000720	1.91927425	-0.39203949	0.07238824	1.70037195	0.45428810	0.00345376	-0.00001527	-0.06536822	0.03589049	-0.05157198	0.97834091	-0.47892915	0.69398152	2.44693089	1.01798251	0.00045376	-0.00005525	1.03524410	-0.63821294	0.70730315	2.47176367	1.02137283	0.00085960	0.00030937	1.67382513	1.70037195	0.00000000	0.00000000	0.01653739	0.47581556	0.50130748	0.00000000	0.00098512	0.37095127	0.09550884	0.00000000	0.00000000	0.37396427	1.00000000	0.00000000	0.18628338	0.16390384
3.52967033	-0.71810435	-0.00946985	-0.07752061	-0.35881378	0.58932145	-0.62496321	1.85520571	-0.26744120	-0.03374865	1.67028401	0.45051569	-0.01231940	0.00000720	1.91815605	-0.39077744	0.07136518	1.69728196	0.45364603	0.00345376	-0.00001527	-0.06175144	0.03558501	-0.05094895	0.97832859	-0.48203881	0.69534002	2.44798058	1.01798891	0.00045376	-0.00005525	1.03565055	-0.64208666	0.71249892	2.47081425	1.02136721	0.00085960	0.00030937	1.67028401	1.69728196	0.00000000	0.00000000	0.01538979	0.46061885	0.50854590	0.00000000	0.01386966	0.38126772	0.09745141	0.00000000	0.00000000	0.36929758	1.00000000	0.00000000	0.19295324	0.17598434
3.53956044	-0.71940468	-0.00931591	-0.07785264	-0.35884469	0.59025072	-0.62512826	1.85440287	-0.26720664	-0.03438266	1.66701773	0.44964734	-0.01231940	0.00000720	1.91708979	-0.39008644	0.07036684	1.69446751	0.45336502	0.00345376	-0.00001527	-0.05877049	0.03558575	-0.05046537	0.97861194	-0.48464434	0.69709299	2.44876070	1.01799530	0.00045376	-0.00005525	1.03583582	-0.64510401	0.71673614	2.46974410	1.02136155	0.00085960	0.00030937	1.66701773	1.69446751	0.00000000	0.00000000	0.01356888	0.44508317	0.52059603	0.00000000	0.02895977	0.39378882	0.09864474	0.00000000	0.00000000	0.36619773	1.00000000	0.00000000	0.19677891	0.18408394
3.54945055	-0.72066848	-0.00895911	-0.07831785	-0.35890916	0.59111321	-0.62526702	1.85376586	-0.26689774	-0.03486932	1.66396994	0.44926474	-0.01231940	0.00000720	1.91614922	-0.39002988	0.06927740	1.69190718	0.45300975	0.00345376	-0.00001527	-0.05601825	0.03543416	-0.05028188	0.97907646	-0.48632289	0.69966192	2.44916235	1.01800168	0.00045376	-0.00005525	1.03539011	-0.64786932	0.71965124	2.46906275	1.02135586	0.00085960	0.00030937	1.66396994	1.69190718	0.00000000	0.00000000	0.01120662	0.42921947	0.53715711	0.00000000	0.04615469	0.40837488	0.09897164	0.00000000	0.00000000	0.36440010	1.00000000	0.00000000	0.19801413	0.18832232
3.55934066	-0.72243388	-0.00794162	-0.07883831	-0.35901516	0.59185931	-0.62539038	1.85403050	-0.26670432	-0.03495778	1.66103443	0.44929275	-0.01231940	0.00000720	1.91558629	-0.39049049	0.06757015	1.68936746	0.45245217	0.00345376	-0.00001527	-0.05271191	0.03468108	-0.05042894	0.97930774	-0.48699838	0.70226690	2.44909733	1.01800803	0.00045376	-0.00005525	1.03411563	-0.65100007	0.72171281	2.46896914	1.02135013	0.00085960	0.00030937	1.66103443	1.68936746	0.00000000	0.00000000	0.00841342	0.41321645	0.55758859	0.00000000	0.06504548	0.42460651	0.09843573	0.00000000	0.00000000	0.36368961	1.00000000	0.00000000	0.19699516	0.18907076
3.56923077	-0.72461310	-0.00651115	-0.07925339	-0.35916343	0.59249113	-0.62551649	1.85508440	-0.26682450	-0.03488949	1.65824336	0.44930294	-0.01231940	0.00000720	1.91539092	-0.39116419	0.06512033	1.68674741	0.45193410	0.00345376	-0.00001527	-0.04895557	0.03355698	-0.05086090	0.97935579	-0.48707228	0.70432715	2.44859691	1.01801437	0.00045376	-0.00005525	1.03231077	-0.65455356	0.72368406	2.46921720	1.02134436	0.00085960	0.00030937	1.65824336	1.68674741	0.00000000	0.00000000	0.00528697	0.39738036	0.58102211	0.00000000	0.08502420	0.44189764	0.09714028	0.00000000	0.00000000	0.36390664	1.00000000	0.00000000	0.19411612	0.18691019
3.57912088	-0.72650266	-0.00535769	-0.07935057	-0.35934329	0.59306197	-0.62568281	1.85605601	-0.26746355	-0.03508592	1.65581419	0.44878414	-0.01231940	0.00000720	1.91523439	-0.39149069	0.06268541	1.68429903	0.45150967	0.00345376	-0.00001527	-0.04575109	0.03282127	-0.05161779	0.97980263	-0.48707210	0.70632501	2.44791632	1.01802070	0.00045376	-0.00005525	1.03039135	-0.65826082	0.72578991	2.46950315	1.02133857	0.00085960	0.00030937	1.65581419	1.68429903	0.00000000	0.00000000	0.00194550	0.38214882	0.60632211	0.00000000	0.10525926	0.45947794	0.09524282	0.00000000	0.00000000	0.36493754	1.00000000	0.00000000	0.18978351	0.18250777
3.58901099	-0.72766922	-0.00452916	-0.07888809	-0.35953731	0.59359792	-0.62593171	1.85659248	-0.26890030	-0.03532831	1.65395399	0.44764813	-0.01231940	0.00000720	1.91472022	-0.39097106	0.06069707	1.68230281	0.45094866	0.00345376	-0.00001527	-0.04364058	0.03256252	-0.05290204	0.98086177	-0.48718021	0.70884942	2.44731148	1.01802700	0.00045376	-0.00005525	1.02844063	-0.66168526	0.72761914	2.46964193	1.02133273	0.00085960	0.00030937	1.65395399	1.68230281	0.00181476	0.00000000	0.00000000	0.36614555	0.63721471	0.00000000	0.12816853	0.47927929	0.09289134	0.00000000	0.00000000	0.36667710	1.00000000	0.00000000	0.18439685	0.17652552
3.59890110	-0.72824425	-0.00332164	-0.07800885	-0.35972931	0.59408092	-0.62622881	1.85707179	-0.27093133	-0.03493958	1.65258813	0.44646033	-0.01231940	0.00000720	1.91359181	-0.39001718	0.05846280	1.68073174	0.45033133	0.00345376	-0.00001527	-0.04226022	0.03184153	-0.05444936	0.98188128	-0.48739424	0.71144749	2.44689014	1.01803330	0.00045376	-0.00005525	1.02651768	-0.66415713	0.72898830	2.46927478	1.02132686	0.00085960	0.00030937	1.65258813	1.68073174	0.00601967	0.00000000	0.00000000	0.34903038	0.67449725	0.00000000	0.15434038	0.50179586	0.09019911	0.00000000	0.00000000	0.36900802	1.00000000	0.00000000	0.17832806	0.16955790
3.60879121	-0.72840441	-0.00163678	-0.07753993	-0.35991236	0.59450564	-0.62644310	1.85745109	-0.27247433	-0.03411270	1.65137105	0.44583585	-0.01231940	0.00000720	1.91201222	-0.38994735	0.05565799	1.67942572	0.45016206	0.00345376	-0.00001527	-0.04128212	0.03025505	-0.05513385	0.98213504	-0.48790547	0.71303570	2.44672906	1.01803959	0.00045376	-0.00005525	1.02489502	-0.66527924	0.73022303	2.46804391	1.02132096	0.00085960	0.00030937	1.65137105	1.67942572	0.01007773	0.00000000	0.00000000	0.33361692	0.71056603	0.00000000	0.17877168	0.52294459	0.08726396	0.00000000	0.00000000	0.37181856	1.00000000	0.00000000	0.17189234	0.16209467
3.61868132	-0.72825144	-0.00029751	-0.07806954	-0.36009490	0.59487942	-0.62650319	1.85729201	-0.27277057	-0.03382271	1.65009264	0.44565568	-0.01231940	0.00000720	1.91059125	-0.39133604	0.05319963	1.67835578	0.45055153	0.00345376	-0.00001527	-0.04070470	0.02869933	-0.05428366	0.98168070	-0.48885969	0.71323779	2.44683148	1.01804585	0.00045376	-0.00005525	1.02353039	-0.66562976	0.73142335	2.46629736	1.02131503	0.00085960	0.00030937	1.65009264	1.67835578	0.01396432	0.00000000	0.00000000	0.31989464	0.74524295	0.00000000	0.20153984	0.54295107	0.08418823	0.00000000	0.00000000	0.37502404	1.00000000	0.00000000	0.16533754	0.15452993
3.62857143	-0.72805914	0.00026947	-0.07908657	-0.36029173	0.59518240	-0.62649716	1.85679638	-0.27247703	-0.03432565	1.64888601	0.44539263	-0.01231940	0.00000720	1.90983812	-0.39319645	0.05182279	1.67759228	0.45087356	0.00345376	-0.00001527	-0.04030971	0.02799022	-0.05279791	0.98111214	-0.48997054	0.71278304	2.44699171	1.01805211	0.00045376	-0.00005525	1.02183417	-0.66627854	0.73215750	2.46497418	1.02130906	0.00085960	0.00030937	1.64888601	1.67759228	0.01772038	0.00000000	0.00000000	0.30769522	0.77880044	0.00000000	0.22304163	0.56234213	0.08109037	0.00000000	0.00000000	0.37857589	1.00000000	0.00000000	0.15884180	0.14717801
3.63846154	-0.72803491	0.00047501	-0.07981401	-0.36050538	0.59539486	-0.62654142	1.85651616	-0.27258566	-0.03503542	1.64793933	0.44495262	-0.01231940	0.00000720	1.90968884	-0.39449039	0.05119161	1.67717129	0.45062331	0.00345376	-0.00001527	-0.03980199	0.02795978	-0.05192373	0.98085160	-0.49076133	0.71256453	2.44694830	1.01805835	0.00045376	-0.00005525	1.01934240	-0.66755223	0.73203371	2.46457786	1.02130306	0.00085960	0.00030937	1.64793933	1.67717129	0.02142051	0.00000000	0.00000000	0.29676677	0.81177377	0.00000000	0.24383625	0.58178443	0.07810263	0.00000000	0.00000000	0.38245287	1.00000000	0.00000000	0.15253622	0.14030926
3.64835165	-0.72803927	0.00090283	-0.08010521	-0.36072370	0.59553005	-0.62664425	1.85658960	-0.27320463	-0.03535293	1.64733103	0.44452528	-0.01231940	0.00000720	1.90957461	-0.39524768	0.05043953	1.67697808	0.45009057	0.00345376	-0.00001527	-0.03923729	0.02789837	-0.05185876	0.98080053	-0.49105080	0.71266498	2.44663966	1.01806458	0.00045376	-0.00005525	1.01631541	-0.66895161	0.73129211	2.46472587	1.02129703	0.00085960	0.00030937	1.64733103	1.67697808	0.02517683	0.00000000	0.00000000	0.28674027	0.84501242	0.00000000	0.26468897	0.60211010	0.07538560	0.00000000	0.00000000	0.38667611	1.00000000	0.00000000	0.14648915	0.13412886
3.65824176	-0.72786307	0.00182467	-0.08014961	-0.36093456	0.59561220	-0.62675659	1.85690009	-0.27396928	-0.03500764	1.64707372	0.44411250	-0.01231940	0.00000720	1.90899393	-0.39586841	0.04898608	1.67680386	0.44984508	0.00345376	-0.00001527	-0.03878306	0.02727435	-0.05208104	0.98052924	-0.49105566	0.71250861	2.44620908	1.01807079	0.00045376	-0.00005525	1.01336978	-0.67012182	0.73064854	2.46479118	1.02129096	0.00085960	0.00030937	1.64707372	1.67680386	0.02913031	0.00000000	0.00000000	0.27718378	0.87955042	0.00000000	0.28646392	0.62420525	0.07311521	0.00000000	0.00000000	0.39131561	1.00000000	0.00000000	0.14070227	0.12877394
3.66813187	-0.72752220	0.00303252	-0.08002842	-0.36113669	0.59565072	-0.62686073	1.85731818	-0.27477782	-0.03420247	1.64704559	0.44380637	-0.01231940	0.00000720	1.90803106	-0.39638055	0.04703477	1.67657398	0.44998454	0.00345376	-0.00001527	-0.03842828	0.02624766	-0.05225427	0.97982743	-0.49108971	0.71179300	2.44580901	1.01807698	0.00045376	-0.00005525	1.01070322	-0.67113184	0.73045628	2.46459999	1.02128487	0.00085960	0.00030937	1.64704559	1.67657398	0.03343726	0.00000000	0.00000000	0.26764485	0.91650154	0.00000000	0.31003931	0.64893405	0.07146599	0.00000000	0.00000000	0.39650009	1.00000000	0.00000000	0.13509298	0.12428711
3.67802198	-0.72707412	0.00408029	-0.07968056	-0.36133760	0.59565500	-0.62697614	1.85763620	-0.27579063	-0.03338576	1.64708957	0.44387974	-0.01231940	0.00000720	1.90704953	-0.39657075	0.04517491	1.67638232	0.45020434	0.00345376	-0.00001527	-0.03821074	0.02538538	-0.05254377	0.97896132	-0.49122027	0.71086975	2.44548999	1.01808315	0.00045376	-0.00005525	1.00804666	-0.67183726	0.73014075	2.46434094	1.02127873	0.00085960	0.00030937	1.64708957	1.67638232	0.03825590	0.00000000	0.00000000	0.25764950	0.95704298	0.00000000	0.33630714	0.67714291	0.07059837	0.00000000	0.00000000	0.40241359	1.00000000	0.00000000	0.12949112	0.12059335
3.68791209	-0.72641705	0.00473178	-0.07910015	-0.36154636	0.59564835	-0.62710598	1.85764136	-0.27701617	-0.03279261	1.64722340	0.44425750	-0.01231940	0.00000720	1.90613707	-0.39639232	0.04374424	1.67631958	0.45028878	0.00345376	-0.00001527	-0.03836534	0.02494928	-0.05325540	0.97833903	-0.49124383	0.71021052	2.44522492	1.01808932	0.00045376	-0.00005525	1.00518300	-0.67169893	0.72861004	2.46413630	1.02127256	0.00085960	0.00030937	1.64722340	1.67631958	0.04352284	0.00000000	0.00000000	0.24788945	1.00000000	0.00000000	0.36411968	0.70779583	0.07064273	0.00000000	0.00000000	0.40927133	1.00000000	0.00000000	0.12366173	0.11751106
3.69780220	-0.72551862	0.00503878	-0.07845117	-0.36176697	0.59564449	-0.62722052	1.85733389	-0.27818355	-0.03240591	1.64752089	0.44454610	-0.01231940	0.00000720	1.90523911	-0.39601570	0.04283982	1.67636885	0.45025387	0.00345376	-0.00001527	-0.03894096	0.02480352	-0.05438437	0.97807633	-0.49099478	0.70988717	2.44494756	1.01809546	0.00045376	-0.00005525	1.00214875	-0.67053438	0.72539087	2.46398593	1.02126636	0.00085960	0.00030937	1.64752089	1.67636885	0.04533038	0.00000000	0.00000000	0.26097240	1.00000000	0.00000000	0.35441910	0.70545892	0.07168335	0.00000000	0.00000000	0.41729598	1.00000000	0.00000000	0.11733409	0.11478230
3.70769231	-0.72461798	0.00513852	-0.07784580	-0.36199357	0.59562923	-0.62730170	1.85696305	-0.27911991	-0.03213029	1.64791760	0.44463805	-0.01231940	0.00000720	1.90447970	-0.39553316	0.04243215	1.67643425	0.45018103	0.00345376	-0.00001527	-0.03953307	0.02479800	-0.05565320	0.97792461	-0.49062697	0.70962359	2.44463378	1.01810159	0.00045376	-0.00005525	0.99907921	-0.66902554	0.72139782	2.46391797	1.02126012	0.00085960	0.00030937	1.64791760	1.67643425	0.04734399	0.00000000	0.00000000	0.27566245	1.00000000	0.00000000	0.34389445	0.70335236	0.07375331	0.00000000	0.00000000	0.42670976	1.00000000	0.00000000	0.11021500	0.11208767
3.71758242	-0.72393203	0.00518458	-0.07716350	-0.36220838	0.59558671	-0.62736706	1.85676111	-0.28001057	-0.03180710	1.64834025	0.44469169	-0.01231940	0.00000720	1.90391836	-0.39488527	0.04219160	1.67642933	0.45010395	0.00345376	-0.00001527	-0.03972462	0.02485053	-0.05682362	0.97750120	-0.49048013	0.70907609	2.44440274	1.01810771	0.00045376	-0.00005525	0.99611679	-0.66809494	0.71830239	2.46392402	1.02125386	0.00085960	0.00030937	1.64834025	1.67642933	0.04950695	0.00000000	0.00000000	0.29204167	1.00000000	0.00000000	0.33235839	0.70121183	0.07683224	0.00000000	0.00000000	0.43772015	1.00000000	0.00000000	0.10200953	0.10907560
3.72747253	-0.72332373	0.00535447	-0.07631188	-0.36239360	0.59553515	-0.62743026	1.85667346	-0.28103498	-0.03126733	1.64883220	0.44467176	-0.01231940	0.00000720	1.90325995	-0.39413879	0.04165801	1.67633608	0.45002743	0.00345376	-0.00001527	-0.03960953	0.02478235	-0.05775863	0.97656184	-0.49067046	0.70801814	2.44446028	1.01811380	0.00045376	-0.00005525	0.99344766	-0.66788484	0.71703355	2.46379813	1.02124755	0.00085960	0.00030937	1.64883220	1.67633608	0.05174003	0.00000000	0.00000000	0.31017956	1.00000000	0.00000000	0.31962370	0.69875356	0.08085280	0.00000000	0.00000000	0.45049621	1.00000000	0.00000000	0.09245367	0.10540310
3.73736264	-0.72255018	0.00569441	-0.07548257	-0.36255098	0.59551409	-0.62747329	1.85646632	-0.28200730	-0.03056044	1.64936076	0.44447254	-0.01231940	0.00000720	1.90225186	-0.39353506	0.04081783	1.67618621	0.44995092	0.00345376	-0.00001527	-0.03954182	0.02446281	-0.05836003	0.97520143	-0.49096402	0.70650540	2.44485713	1.01811988	0.00045376	-0.00005525	0.99120285	-0.66762105	0.71693427	2.46331903	1.02124122	0.00085960	0.00030937	1.64936076	1.67618621	0.05393681	0.00000000	0.00000000	0.33010453	1.00000000	0.00000000	0.30555490	0.69574918	0.08570068	0.00000000	0.00000000	0.46512788	1.00000000	0.00000000	0.08136841	0.10080217
3.74725275	-0.72169790	0.00604068	-0.07480467	-0.36270132	0.59554234	-0.62749482	1.85609761	-0.28283214	-0.02995489	1.64973096	0.44426900	-0.01231940	0.00000720	1.90113155	-0.39305347	0.04007729	1.67599849	0.44983881	0.00345376	-0.00001527	-0.03952538	0.02407923	-0.05882431	0.97384971	-0.49106021	0.70493097	2.44534258	1.01812595	0.00045376	-0.00005525	0.98914935	-0.66651179	0.71624761	2.46273118	1.02123486	0.00085960	0.00030937	1.64973096	1.67599849	0.05598441	0.00000000	0.00000000	0.35178461	1.00000000	0.00000000	0.29011084	0.69208213	0.09121088	0.00000000	0.00000000	0.48158795	1.00000000	0.00000000	0.06871135	0.09514353
3.75714286	-0.72105164	0.00623781	-0.07388106	-0.36285165	0.59561346	-0.62755611	1.85578563	-0.28410433	-0.02956062	1.64989344	0.44426567	-0.01231940	0.00000720	1.90022626	-0.39211890	0.03953304	1.67572672	0.44961676	0.00345376	-0.00001527	-0.03923002	0.02396295	-0.05982575	0.97287026	-0.49088014	0.70369075	2.44560432	1.01813199	0.00045376	-0.00005525	0.98669684	-0.66463028	0.71371600	2.46272641	1.02122846	0.00085960	0.00030937	1.64989344	1.67572672	0.05778702	0.00000000	0.00000000	0.37510531	1.00000000	0.00000000	0.27338321	0.68780562	0.09718116	0.00000000	0.00000000	0.49971699	1.00000000	0.00000000	0.05460161	0.08846279
3.76703297	-0.72064203	0.00628579	-0.07224158	-0.36297485	0.59573223	-0.62770803	1.85559363	-0.28644851	-0.02925530	1.65003389	0.44436113	-0.01231940	0.00000720	1.89939593	-0.39022934	0.03888563	1.67527195	0.44925661	0.00345376	-0.00001527	-0.03849654	0.02420103	-0.06176565	0.97208239	-0.49063544	0.70276319	2.44567686	1.01813803	0.00045376	-0.00005525	0.98359876	-0.66283085	0.71019259	2.46363392	1.02122204	0.00085960	0.00030937	1.65003389	1.67527195	0.05928873	0.00000000	0.00000000	0.39985520	1.00000000	0.00000000	0.25561717	0.68317733	0.10338878	0.00000000	0.00000000	0.51921409	1.00000000	0.00000000	0.03933319	0.08097622
3.77692308	-0.72021001	0.00621709	-0.07032080	-0.36303922	0.59593943	-0.62787934	1.85512235	-0.28922711	-0.02910990	1.65010796	0.44443175	-0.01231940	0.00000720	1.89827560	-0.38796028	0.03817321	1.67456464	0.44887904	0.00345376	-0.00001527	-0.03751019	0.02458477	-0.06381281	0.97091726	-0.49070874	0.70181461	2.44594619	1.01814405	0.00045376	-0.00005525	0.98045744	-0.66175434	0.70803680	2.46496821	1.02121558	0.00085960	0.00030937	1.65010796	1.67456464	0.06049155	0.00000000	0.00000000	0.42572519	1.00000000	0.00000000	0.23720266	0.67863271	0.10960995	0.00000000	0.00000000	0.53963445	1.00000000	0.00000000	0.02337943	0.07308863
3.78681319	-0.71954559	0.00608062	-0.06918650	-0.36304348	0.59629049	-0.62793363	1.85388482	-0.29098209	-0.02935679	1.64969604	0.44459221	-0.01231940	0.00000720	1.89670150	-0.38659858	0.03777303	1.67358256	0.44867977	0.00345376	-0.00001527	-0.03654148	0.02480003	-0.06466312	0.96909202	-0.49128763	0.70063783	2.44670105	1.01815005	0.00045376	-0.00005525	0.97794540	-0.66103899	0.70810937	2.46623587	1.02120910	0.00085960	0.00030937	1.64969604	1.67358256	0.06144015	0.00000000	0.00000000	0.45229539	1.00000000	0.00000000	0.21866274	0.67473585	0.11565621	0.00000000	0.00000000	0.56041554	1.00000000	0.00000000	0.00736932	0.06537539
3.79670330	-0.71866378	0.00603369	-0.06917117	-0.36300400	0.59682364	-0.62783284	1.85187355	-0.29124229	-0.02985686	1.64856971	0.44482432	-0.01231940	0.00000720	1.89463186	-0.38662322	0.03761921	1.67226804	0.44867414	0.00345376	-0.00001527	-0.03567739	0.02461163	-0.06426054	0.96680002	-0.49202283	0.69925845	2.44786774	1.01815605	0.00045376	-0.00005525	0.97570001	-0.65985611	0.70838669	2.46787276	1.02120260	0.00085960	0.00030937	1.64856971	1.67226804	0.06217989	0.00000000	0.00000000	0.47900765	1.00000000	0.00000000	0.20065201	0.67214003	0.11803024	0.00000000	0.00000000	0.57648534	1.00000000	0.00000000	0.00000000	0.06743949
3.80659341	-0.71771814	0.00621726	-0.06959973	-0.36292230	0.59754812	-0.62764816	1.84945597	-0.29080584	-0.03024876	1.64692606	0.44474968	-0.01231940	0.00000720	1.89202522	-0.38735886	0.03719017	1.67050797	0.44863472	0.00345376	-0.00001527	-0.03474362	0.02398484	-0.06365597	0.96416566	-0.49234248	0.69771557	2.44925958	1.01816203	0.00045376	-0.00005525	0.97274719	-0.65815150	0.70668829	2.47080579	1.02119606	0.00085960	0.00030937	1.64692606	1.67050797	0.06271774	0.00000000	0.00000000	0.50514791	1.00000000	0.00000000	0.18394939	0.67155067	0.11754133	0.00000000	0.00000000	0.58834054	1.00000000	0.00000000	0.00000000	0.07780418
3.81648352	-0.71687301	0.00665121	-0.06985508	-0.36278058	0.59846797	-0.62743783	1.84681440	-0.29039001	-0.03059524	1.64482593	0.44413789	-0.01231940	0.00000720	1.88885880	-0.38804808	0.03618793	1.66814888	0.44839984	0.00345376	-0.00001527	-0.03342533	0.02298938	-0.06340612	0.96091830	-0.49215289	0.69601314	2.45089439	1.01816799	0.00045376	-0.00005525	0.96874167	-0.65663556	0.70328591	2.47537016	1.02118950	0.00085960	0.00030937	1.64482593	1.66814888	0.06299985	0.00000000	0.00000000	0.52985322	1.00000000	0.00000000	0.16943559	0.67368822	0.11773701	0.00000000	0.00000000	0.59983856	1.00000000	0.00000000	0.00000000	0.08821360
3.82637363	-0.71621012	0.00725196	-0.06983652	-0.36255745	0.59960360	-0.62723231	1.84379124	-0.29017781	-0.03131153	1.64198574	0.44326368	-0.01231940	0.00000720	1.88510004	-0.38829906	0.03476519	1.66504682	0.44807332	0.00345376	-0.00001527	-0.03148333	0.02180599	-0.06335035	0.95682575	-0.49187725	0.69429581	2.45288363	1.01817394	0.00045376	-0.00005525	0.96386953	-0.65562153	0.69964775	2.48110172	1.02118291	0.00085960	0.00030937	1.64198574	1.66504682	0.06293146	0.00000000	0.00000000	0.55216143	1.00000000	0.00000000	0.15803309	0.67922215	0.11909711	0.00000000	0.00000000	0.61068435	1.00000000	0.00000000	0.00000000	0.09861649
3.83626374	-0.71566381	0.00778159	-0.06967717	-0.36222488	0.60098088	-0.62707098	1.84006606	-0.29015805	-0.03259689	1.63819683	0.44254650	-0.01231940	0.00000720	1.88070373	-0.38797914	0.03330421	1.66117226	0.44782770	0.00345376	-0.00001527	-0.02886208	0.02087645	-0.06339870	0.95203612	-0.49182897	0.69282650	2.45514063	1.01817988	0.00045376	-0.00005525	0.95793906	-0.65468608	0.69636883	2.48737430	1.02117629	0.00085960	0.00030937	1.63819683	1.66117226	0.06239975	0.00000000	0.00000000	0.57107056	1.00000000	0.00000000	0.15065620	0.68874965	0.12207052	0.00000000	0.00000000	0.62052595	1.00000000	0.00000000	0.00000000	0.10889143
3.84615385	-0.71513432	0.00810819	-0.06945512	-0.36175411	0.60261645	-0.62696794	1.83550224	-0.29024036	-0.03409829	1.63354270	0.44209608	-0.01231940	0.00000720	1.87559708	-0.38721856	0.03187677	1.65654365	0.44762422	0.00345376	-0.00001527	-0.02554219	0.02043358	-0.06374552	0.94670332	-0.49182824	0.69169847	2.45739184	1.01818580	0.00045376	-0.00005525	0.95044761	-0.65352799	0.69320906	2.49397240	1.02116965	0.00085960	0.00030937	1.63354270	1.65654365	0.06130622	0.00000000	0.00000000	0.58561290	1.00000000	0.00000000	0.14815877	0.70280024	0.12700410	0.00000000	0.00000000	0.62895576	1.00000000	0.00000000	0.00000000	0.11882599
3.85604396	-0.71459882	0.00858004	-0.06912501	-0.36113972	0.60453347	-0.62688369	1.83027743	-0.29026558	-0.03515352	1.62813599	0.44169611	-0.01231940	0.00000720	1.86951246	-0.38623656	0.02995042	1.65101339	0.44724065	0.00345376	-0.00001527	-0.02151290	0.01989296	-0.06442520	0.94056878	-0.49158886	0.69071292	2.45958392	1.01819171	0.00045376	-0.00005525	0.94139858	-0.65235800	0.68994086	2.50093811	1.02116297	0.00085960	0.00030937	1.62813599	1.65101339	0.05960635	0.00000000	0.00000000	0.59494155	1.00000000	0.00000000	0.15128000	0.72183978	0.13411020	0.00000000	0.00000000	0.63553115	1.00000000	0.00000000	0.00000000	0.12813296
3.86593407	-0.71401486	0.00964081	-0.06861566	-0.36039229	0.60677567	-0.62678485	1.82446327	-0.29018318	-0.03549113	1.62189276	0.44105782	-0.01231940	0.00000720	1.86204547	-0.38504391	0.02700181	1.64432867	0.44652720	0.00345376	-0.00001527	-0.01691672	0.01854448	-0.06514852	0.93324797	-0.49122165	0.68972176	2.46199984	1.01819761	0.00045376	-0.00005525	0.93119823	-0.65139741	0.68653074	2.50806854	1.02115627	0.00085960	0.00030937	1.62189276	1.64432867	0.05734891	0.00000000	0.00000000	0.59841974	1.00000000	0.00000000	0.16056753	0.74623266	0.14347153	0.00000000	0.00000000	0.63981590	1.00000000	0.00000000	0.00000000	0.13647930
3.87582418	-0.71334302	0.01122253	-0.06789536	-0.35950255	0.60937280	-0.62669797	1.81784153	-0.29015077	-0.03546412	1.61464639	0.44005194	-0.01231940	0.00000720	1.85310657	-0.38353744	0.02304989	1.63641624	0.44551931	0.00345376	-0.00001527	-0.01182202	0.01657262	-0.06579150	0.92467189	-0.49103105	0.68888180	2.46472391	1.01820349	0.00045376	-0.00005525	0.91978985	-0.65057943	0.68299384	2.51494402	1.02114954	0.00085960	0.00030937	1.61464639	1.63641624	0.05466823	0.00000000	0.00000000	0.59567349	1.00000000	0.00000000	0.17632175	0.77619200	0.15055642	0.00000000	0.00000000	0.63623220	1.00000000	0.00000000	0.00988808	0.15476333
3.88571429	-0.71267020	0.01280932	-0.06728995	-0.35844832	0.61231575	-0.62662312	1.81017232	-0.28990261	-0.03573957	1.60626322	0.43871215	-0.01231940	0.00000720	1.84317842	-0.38219564	0.01859460	1.62746521	0.44430432	0.00345376	-0.00001527	-0.00601178	0.01477138	-0.06632529	0.91497682	-0.49102012	0.68828534	2.46737714	1.01820935	0.00045376	-0.00005525	0.90666978	-0.64962925	0.67912131	2.52139442	1.02114278	0.00085960	0.00030937	1.60626322	1.62746521	0.05173154	0.00000000	0.00000000	0.58659143	1.00000000	0.00000000	0.19857271	0.81172526	0.15054790	0.00000000	0.00000000	0.61961417	1.00000000	0.00000000	0.03949349	0.19409907
3.89560440	-0.71217726	0.01400598	-0.06775821	-0.35723244	0.61558657	-0.62643841	1.80138801	-0.28811755	-0.03686296	1.59655221	0.43702786	-0.01231940	0.00000720	1.83291178	-0.38229249	0.01434845	1.61767024	0.44292343	0.00345376	-0.00001527	0.00080166	0.01352128	-0.06611119	0.90415977	-0.49084034	0.68771519	2.46954508	1.01821520	0.00045376	-0.00005525	0.89161648	-0.64828666	0.67440254	2.52761760	1.02113600	0.00085960	0.00030937	1.59655221	1.61767024	0.04864496	0.00000000	0.00000000	0.57128259	1.00000000	0.00000000	0.22710081	0.85260503	0.14932269	0.00000000	0.00000000	0.59721904	1.00000000	0.00000000	0.07523852	0.23914710
3.90549451	-0.71199984	0.01500571	-0.06981131	-0.35587078	0.61918705	-0.62605528	1.79168977	-0.28386791	-0.03859996	1.58535547	0.43491992	-0.01231940	0.00000720	1.82235466	-0.38423154	0.01051146	1.60691777	0.44142277	0.00345376	-0.00001527	0.00878885	0.01242833	-0.06457498	0.89206990	-0.49021505	0.68703548	2.47109867	1.01822103	0.00045376	-0.00005525	0.87483950	-0.64658010	0.66873682	2.53368688	1.02112919	0.00085960	0.00030937	1.58535547	1.60691777	0.04538827	0.00000000	0.00000000	0.55003022	1.00000000	0.00000000	0.26145886	0.89832754	0.14685090	0.00000000	0.00000000	0.56951219	1.00000000	0.00000000	0.11654579	0.28937634
3.91538462	-0.71201730	0.01626332	-0.07219362	-0.35434457	0.62313514	-0.62563731	1.78127919	-0.27876249	-0.04003917	1.57284102	0.43248213	-0.01231940	0.00000720	1.81073021	-0.38602976	0.00640388	1.59485888	0.43985305	0.00345376	-0.00001527	0.01785667	0.01107664	-0.06266472	0.87871146	-0.48941653	0.68648004	2.47210201	1.01822685	0.00045376	-0.00005525	0.85654656	-0.64476421	0.66298756	2.53921508	1.02112234	0.00085960	0.00030937	1.57284102	1.59485888	0.04179706	0.00000000	0.00000000	0.52325471	1.00000000	0.00000000	0.30101035	0.94812883	0.14305752	0.00000000	0.00000000	0.53708369	1.00000000	0.00000000	0.16273433	0.34419008
3.92527473	-0.71184445	0.01780750	-0.07304147	-0.35260528	0.62744783	-0.62544851	1.76994351	-0.27565096	-0.04080866	1.55941611	0.42998414	-0.01231940	0.00000720	1.79722705	-0.38528123	0.00130431	1.58130954	0.43817763	0.00345376	-0.00001527	0.02758398	0.00965930	-0.06214649	0.86435415	-0.48912381	0.68651628	2.47267654	1.01823266	0.00045376	-0.00005525	0.83673461	-0.64314914	0.65817472	2.54390591	1.02111548	0.00085960	0.00030937	1.55941611	1.58130954	0.03781073	0.00000000	0.00000000	0.49170892	1.00000000	0.00000000	0.34451690	1.00000000	0.13778727	0.00000000	0.00000000	0.50059470	1.00000000	0.00000000	0.21301687	0.40284070
3.93516484	-0.71119330	0.01923219	-0.07238644	-0.35063823	0.63213183	-0.62547918	1.75719306	-0.27488326	-0.04174825	1.54515853	0.42753523	-0.01231940	0.00000720	1.78191626	-0.38246767	-0.00460227	1.56645887	0.43624667	0.00345376	-0.00001527	0.03752902	0.00857386	-0.06322406	0.84928811	-0.48968194	0.68757426	2.47295645	1.01823844	0.00045376	-0.00005525	0.81554283	-0.64198141	0.65424502	2.54806455	1.02110859	0.00085960	0.00030937	1.54515853	1.56645887	0.03648356	0.00000000	0.00000000	0.47955918	0.96381895	0.00000000	0.34872141	1.00000000	0.13083467	0.00000000	0.00000000	0.46074629	1.00000000	0.00000000	0.26651264	0.46442107
3.94505495	-0.71016269	0.02026777	-0.07211800	-0.34849184	0.63717745	-0.62544774	1.74279810	-0.27388482	-0.04402153	1.52956592	0.42493893	-0.01231940	0.00000720	1.76559059	-0.38042138	-0.01056143	1.55061719	0.43391882	0.00345376	-0.00001527	0.04762318	0.00783648	-0.06419975	0.83356132	-0.49067702	0.68958106	2.47300939	1.01824421	0.00045376	-0.00005525	0.79353208	-0.64106934	0.65015548	2.55206660	1.02110167	0.00085960	0.00030937	1.52956592	1.55061719	0.02868669	0.00000000	0.00000000	0.47325122	0.90024699	0.00000000	0.34024245	1.00000000	0.12207195	0.00000000	0.00000000	0.41828455	1.00000000	0.00000000	0.32226776	0.52792088
3.95494505	-0.70893786	0.02095844	-0.07351810	-0.34621100	0.64257007	-0.62517382	1.72681567	-0.27068715	-0.04795422	1.51213769	0.42199110	-0.01231940	0.00000720	1.74869564	-0.38081002	-0.01629182	1.53387133	0.43127963	0.00345376	-0.00001527	0.05799294	0.00729912	-0.06380019	0.81708338	-0.49134135	0.69177918	2.47263874	1.01824997	0.00045376	-0.00005525	0.77113612	-0.63985816	0.64520872	2.55581633	1.02109472	0.00085960	0.00030937	1.51213769	1.53387133	0.02006804	0.00000000	0.00000000	0.46351864	0.83808681	0.00000000	0.33403302	1.00000000	0.11154107	0.00000000	0.00000000	0.37402575	1.00000000	0.00000000	0.37933390	0.59244179
3.96483516	-0.70720680	0.02116698	-0.07602094	-0.34376855	0.64831744	-0.62475851	1.70893798	-0.26606471	-0.05316340	1.49302860	0.41881252	-0.01231940	0.00000720	1.73073260	-0.38276033	-0.02202288	1.51611618	0.42862275	0.00345376	-0.00001527	0.06828178	0.00727528	-0.06272889	0.80002356	-0.49145218	0.69361562	2.47143921	1.01825572	0.00045376	-0.00005525	0.74802140	-0.63828652	0.63979604	2.55919166	1.02108776	0.00085960	0.00030937	1.49302860	1.51611618	0.01023625	0.00000000	0.00000000	0.45038646	0.77856600	0.00000000	0.33032244	1.00000000	0.09946609	0.00000000	0.00000000	0.32881840	1.00000000	0.00000000	0.43684822	0.65732679
3.97472527	-0.70429893	0.02066916	-0.07813418	-0.34110677	0.65444147	-0.62440837	1.68861777	-0.26216267	-0.05907669	1.47290507	0.41568154	-0.01231940	0.00000720	1.71076656	-0.38426075	-0.02794660	1.49726068	0.42598260	0.00345376	-0.00001527	0.07767013	0.00806492	-0.06258148	0.78270823	-0.49176613	0.69555226	2.46948186	1.01826144	0.00045376	-0.00005525	0.72370245	-0.63690056	0.63464151	2.56242291	1.02108076	0.00085960	0.00030937	1.47290507	1.49726068	0.00000000	0.00000000	0.00000000	0.43416844	0.72320310	0.00000000	0.32916820	1.00000000	0.08622613	0.00000000	0.00000000	0.28349989	1.00000000	0.00000000	0.49405724	0.72216028
3.98461538	-0.69993968	0.02005831	-0.07895968	-0.33821942	0.66093036	-0.62421863	1.66611973	-0.26018795	-0.06473751	1.45230660	0.41256586	-0.01231940	0.00000720	1.68818676	-0.38402756	-0.03445374	1.47730243	0.42294907	0.00345376	-0.00001527	0.08576656	0.00881384	-0.06376949	0.76499366	-0.49314869	0.69828966	2.46764603	1.01826716	0.00045376	-0.00005525	0.69857590	-0.63582655	0.62991265	2.56556730	1.02107375	0.00085960	0.00030937	1.45230660	1.47730243	0.00000000	0.00000000	0.00000000	0.41770366	0.67569916	0.00000000	0.32906549	1.00000000	0.07228851	0.00000000	0.00000000	0.23885379	1.00000000	0.00000000	0.55028138	0.78660493
3.99450549	-0.69442715	0.02054317	-0.07900680	-0.33514984	0.66772310	-0.62412920	1.64254753	-0.25955893	-0.06899577	1.43140508	0.40910012	-0.01231940	0.00000720	1.66299620	-0.38253716	-0.04232302	1.45636852	0.41925926	0.00345376	-0.00001527	0.09294966	0.00810575	-0.06501352	0.74630530	-0.49535227	0.70154678	2.46665598	1.01827287	0.00045376	-0.00005525	0.67359458	-0.63444593	0.62543783	2.56813214	1.02106672	0.00085960	0.00030937	1.43140508	1.45636852	0.00000000	0.00000000	0.00000000	0.39898286	0.63314994	0.00000000	0.33112215	1.00000000	0.05813115	0.00000000	0.00000000	0.19556098	1.00000000	0.00000000	0.60489108	0.85026638
4.00439560	-0.68822035	0.02236036	-0.07952148	-0.33193104	0.67474275	-0.62403136	1.61863221	-0.25887773	-0.07175384	1.41015869	0.40504152	-0.01231940	0.00000720	1.63587656	-0.38133139	-0.05182831	1.43469019	0.41526150	0.00345376	-0.00001527	0.09986379	0.00594678	-0.06499283	0.72645626	-0.49732383	0.70437857	2.46609569	1.01827856	0.00045376	-0.00005525	0.64902869	-0.63230838	0.62114815	2.56964634	1.02105966	0.00085960	0.00030937	1.41015869	1.43469019	0.00000000	0.00000000	0.01111432	0.37333704	0.60436967	0.00000000	0.34034459	1.00000000	0.04416959	0.00000000	0.00000000	0.15415549	1.00000000	0.00000000	0.65733358	0.91269317
4.01428571	-0.68176289	0.02435899	-0.08110886	-0.32856244	0.68192628	-0.62387615	1.59419907	-0.25734969	-0.07447754	1.38828381	0.40052460	-0.01231940	0.00000720	1.60795244	-0.38129640	-0.06218919	1.41240766	0.41154173	0.00345376	-0.00001527	0.10711702	0.00391109	-0.06388958	0.70587602	-0.49851809	0.70650366	2.46490603	1.01828425	0.00045376	-0.00005525	0.62399871	-0.62967960	0.61677463	2.57028722	1.02105258	0.00085960	0.00030937	1.38828381	1.41240766	0.00000000	0.00000000	0.02679018	0.34406096	0.58460329	0.00000000	0.35363558	1.00000000	0.03071280	0.00000000	0.00000000	0.11500187	1.00000000	0.00000000	0.70718858	0.97346792
4.02417582	-0.67546926	0.02575073	-0.08316449	-0.32502754	0.68922419	-0.62368838	1.56905954	-0.25542800	-0.07842195	1.36546590	0.39588091	-0.01231940	0.00000720	1.57995104	-0.38171472	-0.07258627	1.38942723	0.40819499	0.00345376	-0.00001527	0.11528761	0.00278620	-0.06297534	0.68484417	-0.49913650	0.70840542	2.46268749	1.01828992	0.00045376	-0.00005525	0.59744943	-0.62699115	0.61175867	2.57056431	1.02104549	0.00085960	0.00030937	1.36546590	1.38942723	0.00000000	0.00000000	0.04224410	0.31391594	0.56961795	0.00000000	0.36833736	1.00000000	0.01947172	0.00000000	0.00000000	0.09534445	0.96934467	0.00000000	0.72347785	1.00000000
4.03406593	-0.66939596	0.02720027	-0.08452488	-0.32132010	0.69660770	-0.62353497	1.54359330	-0.25440572	-0.08293025	1.34192763	0.39132478	-0.01231940	0.00000720	1.55157392	-0.38086683	-0.08300395	1.36555011	0.40466038	0.00345376	-0.00001527	0.12448846	0.00144626	-0.06317503	0.66310689	-0.49943538	0.71028082	2.46004333	1.01829558	0.00045376	-0.00005525	0.56945795	-0.62433446	0.60609468	2.57060547	1.02103837	0.00085960	0.00030937	1.34192763	1.36555011	0.00000000	0.00000000	0.05693137	0.28373061	0.55828374	0.00000000	0.38372500	1.00000000	0.01050571	0.00000000	0.00000000	0.09383879	0.90969385	0.00000000	0.70961421	1.00000000
4.04395604	-0.66287943	0.02952326	-0.08466591	-0.31745125	0.70409807	-0.62347555	1.51778485	-0.25515482	-0.08669136	1.31824110	0.38681740	-0.01231940	0.00000720	1.52182359	-0.37777238	-0.09374789	1.34070568	0.40049034	0.00345376	-0.00001527	0.13376091	-0.00123829	-0.06425507	0.64047360	-0.49969138	0.71184614	2.45768803	1.01830123	0.00045376	-0.00005525	0.54123401	-0.62176211	0.60084015	2.57012061	1.02103123	0.00085960	0.00030937	1.31824110	1.34070568	0.00000000	0.00000000	0.07049357	0.25415389	0.54965529	0.00000000	0.39922524	1.00000000	0.00286167	0.00000000	0.00000000	0.09252983	0.85463500	0.00000000	0.69622344	1.00000000
4.05384615	-0.65494379	0.03251747	-0.08419077	-0.31343637	0.71175467	-0.62349034	1.49065213	-0.25724448	-0.08978466	1.29449870	0.38223099	-0.01231940	0.00000720	1.48983470	-0.37330855	-0.10518393	1.31500299	0.39600082	0.00345376	-0.00001527	0.14161136	-0.00495722	-0.06516607	0.61716141	-0.50051131	0.71296737	2.45580268	1.01830686	0.00045376	-0.00005525	0.51390290	-0.61943175	0.59711083	2.56888011	1.02102406	0.00085960	0.00030937	1.29449870	1.31500299	0.00000000	0.00000000	0.08269975	0.22570509	0.54292256	0.00000000	0.41437321	1.00000000	0.00000000	0.00000000	0.00000000	0.09223943	0.80430318	0.00000000	0.68271452	1.00000000
4.06373626	-0.64538973	0.03566627	-0.08404460	-0.30930232	0.71958490	-0.62348109	1.46159418	-0.25952650	-0.09323887	1.27024133	0.37754519	-0.01231940	0.00000720	1.45567722	-0.36915323	-0.11781550	1.28862981	0.39162687	0.00345376	-0.00001527	0.14758338	-0.00901298	-0.06512002	0.59344328	-0.50221752	0.71373455	2.45431479	1.01831248	0.00045376	-0.00005525	0.48755644	-0.61702272	0.59458817	2.56692450	1.02101688	0.00085960	0.00030937	1.27024133	1.28862981	0.00000000	0.00000000	0.09342821	0.19879344	0.53739546	0.00000000	0.42879391	1.00000000	0.00000000	0.00000000	0.00000000	0.13039864	0.68749708	0.00000000	0.59973165	0.92847791
4.07362637	-0.63511466	0.03886451	-0.08453282	-0.30509752	0.72750216	-0.62337950	1.43140890	-0.26131455	-0.09747451	1.24514699	0.37273626	-0.01231940	0.00000720	1.42052365	-0.36587928	-0.13149767	1.26178843	0.38705205	0.00345376	-0.00001527	0.15271644	-0.01322195	-0.06431197	0.56948050	-0.50407922	0.71399368	2.45317299	1.01831809	0.00045376	-0.00005525	0.46140372	-0.61370903	0.59165267	2.56446721	1.02100967	0.00085960	0.00030937	1.24514699	1.26178843	0.00000000	0.00000000	0.10269154	0.17366552	0.53259310	0.00000000	0.44225545	1.00000000	0.04235456	0.00000000	0.00000000	0.45547824	0.06360202	0.00000000	0.00000000	0.32991883
4.08351648	-0.62500365	0.04205368	-0.08532382	-0.30085536	0.73540771	-0.62322203	1.40112969	-0.26273603	-0.10222916	1.21935597	0.36759984	-0.01231940	0.00000720	1.38557091	-0.36274984	-0.14517017	1.23463646	0.38179054	0.00345376	-0.00001527	0.15810893	-0.01737829	-0.06351523	0.54543785	-0.50490913	0.71325381	2.45214927	1.01832369	0.00045376	-0.00005525	0.43456203	-0.60918751	0.58706082	2.56183173	1.02100245	0.00085960	0.00030937	1.21935597	1.23463646	0.00000000	0.00000000	0.11067821	0.15033289	0.52835052	0.00000000	0.45473562	1.00000000	0.04004649	0.00000000	0.00000000	0.44544014	0.04271909	0.00000000	0.00000000	0.33207327
4.09340659	-0.61494561	0.04501115	-0.08606804	-0.29655916	0.74327629	-0.62308497	1.37071641	-0.26427263	-0.10736636	1.19320552	0.36191598	-0.01231940	0.00000720	1.35082493	-0.35906629	-0.15824463	1.20718083	0.37616576	0.00345376	-0.00001527	0.16369326	-0.02109513	-0.06322179	0.52144194	-0.50431357	0.71126087	2.45083258	1.01832927	0.00045376	-0.00005525	0.40664077	-0.60407598	0.58078205	2.55933941	1.02099520	0.00085960	0.00030937	1.19320552	1.20718083	0.00000000	0.00000000	0.11777114	0.12850449	0.52487928	0.00000000	0.46647704	1.00000000	0.03693634	0.00000000	0.00000000	0.43516499	0.02460237	0.00000000	0.00000000	0.33247591
4.10329670	-0.60433221	0.04771185	-0.08671295	-0.29218465	0.75113106	-0.62298155	1.33958785	-0.26619396	-0.11297000	1.16687563	0.35571131	-0.01231940	0.00000720	1.31550571	-0.35491324	-0.17131044	1.17929535	0.37075995	0.00345376	-0.00001527	0.16875380	-0.02439957	-0.06335726	0.49754096	-0.50285594	0.70844638	2.44905318	1.01833484	0.00045376	-0.00005525	0.37784351	-0.59902821	0.57331551	2.55704435	1.02098792	0.00085960	0.00030937	1.16687563	1.17929535	0.00000000	0.00000000	0.12430497	0.10790291	0.52233095	0.00000000	0.47768645	1.00000000	0.03310944	0.00000000	0.00000000	0.42465518	0.00900597	0.00000000	0.00000000	0.33118722
4.11318681	-0.59305338	0.05039203	-0.08744714	-0.28776345	0.75897538	-0.62285427	1.30771575	-0.26824208	-0.11889868	1.14024761	0.34917452	-0.01231940	0.00000720	1.27935986	-0.35067632	-0.18490427	1.15088101	0.36534419	0.00345376	-0.00001527	0.17300037	-0.02774671	-0.06345057	0.47370398	-0.50124497	0.70536488	2.44710449	1.01834039	0.00045376	-0.00005525	0.34882077	-0.59411965	0.56524511	2.55462514	1.02098063	0.00085960	0.00030937	1.14024761	1.15088101	0.00000000	0.00000000	0.13064587	0.08821007	0.52087302	0.00000000	0.48858782	1.00000000	0.02865575	0.00000000	0.00000000	0.41155092	0.00000000	0.00000000	0.00387288	0.33216476
4.12307692	-0.58153599	0.05320997	-0.08849148	-0.28335711	0.76677729	-0.62265282	1.27560351	-0.26991716	-0.12476875	1.11311723	0.34242903	-0.01231940	0.00000720	1.24289845	-0.34639149	-0.19863056	1.12194479	0.35926221	0.00345376	-0.00001527	0.17672817	-0.03144528	-0.06286481	0.44967420	-0.49989834	0.70181990	2.44548765	1.01834593	0.00045376	-0.00005525	0.32039536	-0.58912554	0.55752599	2.55157828	1.02097332	0.00085960	0.00030937	1.11311723	1.12194479	0.00000000	0.00000000	0.13705426	0.06919465	0.52051798	0.00000000	0.49930728	1.00000000	0.02231100	0.00000000	0.00000000	0.39404926	0.00000000	0.00000000	0.01584740	0.34057701
4.13296703	-0.57009653	0.05604821	-0.08972784	-0.27898354	0.77449858	-0.62240440	1.24355470	-0.27123840	-0.13051965	1.08555574	0.33559436	-0.01231940	0.00000720	1.20664632	-0.34165848	-0.21181969	1.09258154	0.35244612	0.00345376	-0.00001527	0.18027528	-0.03537611	-0.06133947	0.42507929	-0.49907500	0.69717587	2.44455015	1.01835147	0.00045376	-0.00005525	0.29306210	-0.58377487	0.55110768	2.54751967	1.02096599	0.00085960	0.00030937	1.08555574	1.09258154	0.00000000	0.00000000	0.14367378	0.05072395	0.52114044	0.00000000	0.50987682	1.00000000	0.01572644	0.00000000	0.00000000	0.37732196	0.00000000	0.00000000	0.02620906	0.34624688
4.14285714	-0.55863656	0.05856825	-0.09064407	-0.27461132	0.78212068	-0.62218600	1.21129166	-0.27279231	-0.13674515	1.05784082	0.32894429	-0.01231940	0.00000720	1.17071746	-0.33614236	-0.22420892	1.06294987	0.34532679	0.00345376	-0.00001527	0.18360397	-0.03910534	-0.05955131	0.40001707	-0.49877458	0.69150324	2.44421754	1.01835698	0.00045376	-0.00005525	0.26644553	-0.57784797	0.54575812	2.54252904	1.02095864	0.00085960	0.00030937	1.05784082	1.06294987	0.00000000	0.00000000	0.15053888	0.03275086	0.52252413	0.00000000	0.52025992	1.00000000	0.00909175	0.00000000	0.00000000	0.36126955	0.00000000	0.00000000	0.03514189	0.34945399
4.15274725	-0.54692158	0.06039738	-0.09102219	-0.27022068	0.78964630	-0.62201429	1.17829503	-0.27466696	-0.14410804	1.03000340	0.32268260	-0.01231940	0.00000720	1.13496493	-0.33018871	-0.23588130	1.03315013	0.33817106	0.00345376	-0.00001527	0.18641600	-0.04213891	-0.05863296	0.37525771	-0.49848417	0.68577723	2.44391721	1.01836249	0.00045376	-0.00005525	0.23939985	-0.57147314	0.53988238	2.53728197	1.02095127	0.00085960	0.00030937	1.03000340	1.03315013	0.00000000	0.00000000	0.08884883	0.30796539	0.00000000	0.00000000	0.00050637	0.44779325	0.00255999	0.00000000	0.00000000	0.34577261	0.00000000	0.00000000	0.04278160	0.35033720
4.16263736	-0.53491699	0.06140094	-0.09141235	-0.26583769	0.79707893	-0.62181170	1.14443884	-0.27598180	-0.15252002	1.00174323	0.31656267	-0.01231940	0.00000720	1.09921780	-0.32464243	-0.24708989	1.00310771	0.33098738	0.00345376	-0.00001527	0.18854704	-0.04423795	-0.05892426	0.35154375	-0.49754144	0.68082999	2.44298636	1.01836798	0.00045376	-0.00005525	0.21108998	-0.56510744	0.53210055	2.53246565	1.02094389	0.00085960	0.00030937	1.00174323	1.00310771	0.00000000	0.00000000	0.09392623	0.29360969	0.00000000	0.00000000	0.00439750	0.43681831	0.00000000	0.00000000	0.00000000	0.33168311	0.00000000	0.00000000	0.04845223	0.34859266
4.17252747	-0.52267129	0.06182501	-0.09241097	-0.26150861	0.80441268	-0.62152299	1.11003878	-0.27605714	-0.16128450	0.97283121	0.31002286	-0.01231940	0.00000720	1.06335663	-0.31982412	-0.25809843	0.97273212	0.32362446	0.00345376	-0.00001527	0.18995886	-0.04560159	-0.05973607	0.32898473	-0.49582699	0.67654711	2.44126491	1.01837346	0.00045376	-0.00005525	0.18199595	-0.55896262	0.52264134	2.52793340	1.02093649	0.00085960	0.00030937	0.97283121	0.97273212	0.00000000	0.00000000	0.09868205	0.28006038	0.00000000	0.00000000	0.00791048	0.42622878	0.00000000	0.00000000	0.00011921	0.31848112	0.00000000	0.00000000	0.05250646	0.34424979
4.18241758	-0.51019952	0.06209813	-0.09376556	-0.25726351	0.81162914	-0.62120658	1.07548466	-0.27541365	-0.16993201	0.94335691	0.30268078	-0.01231940	0.00000720	1.02748755	-0.31507446	-0.26891996	0.94212207	0.31568094	0.00345376	-0.00001527	0.19065186	-0.04667686	-0.06047022	0.30731908	-0.49378129	0.67224752	2.43902978	1.01837894	0.00045376	-0.00005525	0.15336566	-0.55269613	0.51264049	2.52280484	1.02092907	0.00085960	0.00030937	0.94335691	0.94212207	0.00000000	0.00000000	0.10275340	0.26732233	0.00000000	0.00000000	0.01126841	0.41659795	0.00000000	0.00000000	0.00545817	0.30516535	0.00000000	0.00000000	0.05336255	0.33203944
4.19230769	-0.49785604	0.06250152	-0.09471182	-0.25310737	0.81867881	-0.62095994	1.04135793	-0.27503681	-0.17846661	0.91364271	0.29449456	-0.01231940	0.00000720	0.99223013	-0.30954773	-0.27932485	0.91141161	0.30679107	0.00345376	-0.00001527	0.19112318	-0.04777622	-0.06129902	0.28627931	-0.49176988	0.66748907	2.43639164	1.01838440	0.00045376	-0.00005525	0.12573702	-0.54581807	0.50258450	2.51645905	1.02092164	0.00085960	0.00030937	0.91364271	0.91141161	0.00000000	0.00000000	0.10583150	0.25539318	0.00000000	0.00000000	0.01460274	0.40828120	0.00000000	0.00000000	0.01027978	0.29190895	0.00000000	0.00000000	0.05360512	0.31828032
4.20219780	-0.48614876	0.06310600	-0.09493124	-0.24902727	0.82550846	-0.62080237	1.00827915	-0.27526529	-0.18687403	0.88409158	0.28568422	-0.01231940	0.00000720	0.95814683	-0.30299168	-0.28916450	0.88051251	0.29712918	0.00345376	-0.00001527	0.19210098	-0.04903378	-0.06255963	0.26553863	-0.48966958	0.66221435	2.43318268	1.01838986	0.00045376	-0.00005525	0.09871864	-0.53825855	0.49224663	2.50918397	1.02091419	0.00085960	0.00030937	0.88409158	0.88051251	0.00000000	0.00000000	0.10777129	0.24422474	0.00000000	0.00000000	0.01790628	0.40122291	0.00000000	0.00000000	0.01451659	0.27870169	0.00000000	0.00000000	0.05347879	0.30355834
4.21208791	-0.47493172	0.06388560	-0.09472931	-0.24500037	0.83212547	-0.62066626	0.97607753	-0.27575438	-0.19492468	0.85488761	0.27667769	-0.01231940	0.00000720	0.92485000	-0.29565395	-0.29845892	0.84924747	0.28718220	0.00345376	-0.00001527	0.19349140	-0.05061129	-0.06414366	0.24477861	-0.48712485	0.65639062	2.42929485	1.01839531	0.00045376	-0.00005525	0.07205981	-0.53039934	0.48167165	2.50174828	1.02090673	0.00085960	0.00030937	0.85488761	0.84924747	0.00000000	0.00000000	0.10871520	0.23368704	0.00000000	0.00000000	0.02097455	0.39472065	0.00000000	0.00000000	0.01806440	0.26558465	0.00000000	0.00000000	0.05326600	0.28864342
4.22197802	-0.46380820	0.06461784	-0.09438199	-0.24100062	0.83856202	-0.62048054	0.94399605	-0.27595552	-0.20272840	0.82567284	0.26782944	-0.01231940	0.00000720	0.89181739	-0.28796643	-0.30707887	0.81768875	0.27709661	0.00345376	-0.00001527	0.19488017	-0.05248775	-0.06588459	0.22397701	-0.48414975	0.64998834	2.42460943	1.01840075	0.00045376	-0.00005525	0.04593693	-0.52251359	0.47124429	2.49440860	1.02089925	0.00085960	0.00030937	0.82567284	0.81768875	0.00000000	0.00000000	0.10896661	0.22360576	0.00000000	0.00000000	0.02349454	0.38768637	0.00000000	0.00000000	0.02052343	0.25271272	0.00000000	0.00000000	0.05337606	0.27484687
4.23186813	-0.45290759	0.06482401	-0.09361505	-0.23701384	0.84480913	-0.62025698	0.91157087	-0.27559458	-0.21118675	0.79584977	0.25918067	-0.01231940	0.00000720	0.85942050	-0.28027296	-0.31459676	0.78611248	0.26670394	0.00345376	-0.00001527	0.19641914	-0.05417139	-0.06822943	0.20351195	-0.48122566	0.64328056	2.41895631	1.01840617	0.00045376	-0.00005525	0.02032944	-0.51443048	0.46104651	2.48687891	1.02089176	0.00085960	0.00030937	0.79584977	0.78611248	0.00000000	0.00000000	0.10899132	0.21377006	0.00000000	0.00000000	0.02505024	0.37864514	0.00000000	0.00000000	0.10836152	0.22746468	0.00000000	0.84772533	0.21037180	1.00000000
4.24175824	-0.44232552	0.06419015	-0.09197154	-0.23306030	0.85085258	-0.62008214	0.87864580	-0.27490970	-0.22124924	0.76530729	0.25062673	-0.01231940	0.00000720	0.82802355	-0.27257621	-0.32069790	0.75466666	0.25598190	0.00345376	-0.00001527	0.19800198	-0.05512466	-0.07185615	0.18386073	-0.47864625	0.63667238	2.41260821	1.01841159	0.00045376	-0.00005525	-0.00496072	-0.50591815	0.45087633	2.47927706	1.02088425	0.00085960	0.00030937	0.76530729	0.75466666	0.00000000	0.00000000	0.10936402	0.20396585	0.00000000	0.00000000	0.02518062	0.36592403	0.00000000	0.00000000	0.10888626	0.21320295	0.00000000	0.85307602	0.21287213	1.00000000
4.25164835	-0.43187965	0.06299862	-0.08970910	-0.22919193	0.85668915	-0.61999489	0.84553407	-0.27409022	-0.23252583	0.73451509	0.24206133	-0.01231940	0.00000720	0.79735734	-0.26482999	-0.32575933	0.72333221	0.24510196	0.00345376	-0.00001527	0.19913838	-0.05536096	-0.07646863	0.16506183	-0.47614299	0.63015406	2.40628855	1.01841700	0.00045376	-0.00005525	-0.02987277	-0.49703389	0.44064905	2.47215779	1.02087674	0.00085960	0.00030937	0.73451509	0.72333221	0.00000000	0.00000000	0.11052944	0.19404697	0.00000000	0.00000000	0.02356706	0.34826742	0.00000000	0.00000000	0.10667695	0.19961308	0.00000000	0.85408763	0.21557670	1.00000000
4.26153846	-0.42166864	0.06188972	-0.08784839	-0.22544253	0.86229049	-0.61991468	0.81318353	-0.27276896	-0.24330402	0.70395844	0.23337799	-0.01231940	0.00000720	0.76714621	-0.25734300	-0.33087766	0.69208451	0.23422120	0.00345376	-0.00001527	0.19999817	-0.05537800	-0.08071702	0.14667272	-0.47339701	0.62331948	2.40048019	1.01842240	0.00045376	-0.00005525	-0.05419156	-0.48794007	0.43042799	2.46567838	1.02086920	0.00085960	0.00030937	0.70395844	0.69208451	0.00000000	0.00000000	0.11259857	0.18398485	0.00000000	0.00000000	0.02019762	0.32538959	0.00000000	0.00000000	0.10202861	0.18673790	0.00000000	0.85178251	0.21837045	1.00000000
4.27142857	-0.41185205	0.06119874	-0.08707581	-0.22178571	0.86762817	-0.61974747	0.78215107	-0.27057108	-0.25229118	0.67379777	0.22456593	-0.01231940	0.00000720	0.73725844	-0.25047723	-0.33702801	0.66095345	0.22341873	0.00345376	-0.00001527	0.20111970	-0.05558110	-0.08353981	0.12829100	-0.47053396	0.61582325	2.39520545	1.01842779	0.00045376	-0.00005525	-0.07769303	-0.47868759	0.42042901	2.45943186	1.02086166	0.00085960	0.00030937	0.67379777	0.66095345	0.00000000	0.00000000	0.11533459	0.17384789	0.00000000	0.00000000	0.01539288	0.29805225	0.12693829	0.00000000	0.21934722	0.19896460	0.00000000	1.00000000	0.17873794	1.00000000
4.28131868	-0.40221542	0.06062113	-0.08711028	-0.21817287	0.87270951	-0.61950196	0.75191426	-0.26755766	-0.25973779	0.64391921	0.21568057	-0.01231940	0.00000720	0.70758650	-0.24433006	-0.34417847	0.63013675	0.21272317	0.00345376	-0.00001527	0.20248040	-0.05579338	-0.08500422	0.10991834	-0.46782399	0.60752831	2.39042107	1.01843317	0.00045376	-0.00005525	-0.10007120	-0.46924031	0.41099486	2.45302965	1.02085409	0.00085960	0.00030937	0.64391921	0.63013675	0.00000000	0.00000000	0.11797270	0.16383187	0.00000000	0.00000000	0.00989783	0.26842048	0.12991862	0.00000000	0.21574908	0.18762064	0.00000000	1.00000000	0.18020704	1.00000000
4.29120879	-0.39231682	0.05955851	-0.08732623	-0.21460220	0.87756448	-0.61924521	0.72147527	-0.26381748	-0.26667660	0.61403901	0.20673385	-0.01231940	0.00000720	0.67805210	-0.23891420	-0.35153404	0.59996992	0.20220433	0.00345376	-0.00001527	0.20338564	-0.05542541	-0.08598971	0.09206941	-0.46516307	0.59857079	2.38618558	1.01843854	0.00045376	-0.00005525	-0.12124198	-0.45952989	0.40205033	2.44671530	1.02084651	0.00085960	0.00030937	0.61403901	0.59996992	0.00000000	0.00000000	0.21955754	0.12424724	0.00000000	0.86350769	0.16023999	1.00000000	0.12998964	0.00000000	0.21006334	0.17588833	0.00000000	1.00000000	0.18223054	1.00000000
4.30109890	-0.38188621	0.05786122	-0.08742037	-0.21111099	0.88221198	-0.61901179	0.69034308	-0.25941232	-0.27371139	0.58395755	0.19776126	-0.01231940	0.00000720	0.64851117	-0.23403745	-0.35852085	0.57045879	0.19197297	0.00345376	-0.00001527	0.20318633	-0.05430232	-0.08733676	0.07534351	-0.46222155	0.58936243	2.38243724	1.01844389	0.00045376	-0.00005525	-0.14152378	-0.44953236	0.39294471	2.44114776	1.02083891	0.00085960	0.00030937	0.58395755	0.57045879	0.00000000	0.00000000	0.22246031	0.11169471	0.00000000	0.88766930	0.16128741	1.00000000	0.12577019	0.00000000	0.20193101	0.16323884	0.00000000	1.00000000	0.18521495	1.00000000
4.31098901	-0.37115399	0.05613866	-0.08736162	-0.20769770	0.88663190	-0.61879846	0.65901408	-0.25484141	-0.28073227	0.55381340	0.18880647	-0.01231940	0.00000720	0.61888387	-0.22897354	-0.36520369	0.54099216	0.18193225	0.00345376	-0.00001527	0.20223438	-0.05313509	-0.08882173	0.05938503	-0.45900498	0.57994580	2.37891983	1.01844924	0.00045376	-0.00005525	-0.16088649	-0.43942780	0.38359013	2.43627737	1.02083131	0.00085960	0.00030937	0.55381340	0.54099216	0.00000000	0.00000000	0.22189216	0.09981632	0.00000000	0.90451212	0.16324728	1.00000000	0.13827573	0.00000000	0.20138721	0.15813156	0.00000000	0.91194775	0.16039764	0.89483359
4.32087912	-0.36038653	0.05508043	-0.08715717	-0.20430591	0.89079886	-0.61859637	0.62804232	-0.25078225	-0.28742790	0.52384518	0.17983574	-0.01231940	0.00000720	0.58904389	-0.22295560	-0.37188399	0.51091907	0.17176738	0.00345376	-0.00001527	0.20127822	-0.05281600	-0.08936478	0.04308379	-0.45585655	0.56969770	2.37545583	1.01845458	0.00045376	-0.00005525	-0.17864445	-0.42954846	0.37499615	2.43125472	1.02082369	0.00085960	0.00030937	0.52384518	0.51091907	0.00000000	0.00000000	0.21749565	0.08872872	0.00000000	0.91243669	0.16635898	1.00000000	0.15438345	0.00000000	0.19940740	0.15779988	0.00000000	0.75146090	0.11785337	0.71148055
4.33076923	-0.34925759	0.05458647	-0.08673756	-0.20092832	0.89472876	-0.61840625	0.59694391	-0.24727186	-0.29381704	0.49403352	0.17092634	-0.01231940	0.00000720	0.55870463	-0.21607507	-0.37853776	0.48042593	0.16141853	0.00345376	-0.00001527	0.19986447	-0.05332022	-0.08923772	0.02660549	-0.45288928	0.55878481	2.37216089	1.01845990	0.00045376	-0.00005525	-0.19508087	-0.41997949	0.36743511	2.42622982	1.02081606	0.00085960	0.00030937	0.49403352	0.48042593	0.00000000	0.00000000	0.20977371	0.07836816	0.00000000	0.91145306	0.17071202	1.00000000	0.14947997	0.00000000	0.18420788	0.15232544	0.00000000	0.61560799	0.09025357	0.56739908
4.34065934	-0.33725464	0.05385629	-0.08593177	-0.19766180	0.89844952	-0.61823827	0.56472014	-0.24356100	-0.30019205	0.46409409	0.16236463	-0.01231940	0.00000720	0.52782140	-0.20924742	-0.38467165	0.45041293	0.15127679	0.00345376	-0.00001527	0.19650650	-0.05363011	-0.09109270	0.01213547	-0.44981693	0.54940853	2.36924080	1.01846522	0.00045376	-0.00005525	-0.21245777	-0.41034964	0.35897595	2.42312004	1.02080841	0.00085960	0.00030937	0.46409409	0.45041293	0.00000000	0.00000000	0.19698185	0.06976295	0.00000000	0.87942328	0.17191114	0.97876883	0.13582508	0.00000000	0.16599674	0.14435116	0.00000000	0.50557914	0.07155687	0.45242881
4.35054945	-0.32422947	0.05225701	-0.08468063	-0.19458129	0.90196618	-0.61809359	0.53082601	-0.23885426	-0.30666186	0.43361478	0.15429684	-0.01231940	0.00000720	0.49650533	-0.20322802	-0.38976299	0.42135632	0.14171361	0.00345376	-0.00001527	0.19037953	-0.05284264	-0.09705517	0.00144507	-0.44645321	0.54385878	2.36659244	1.01847054	0.00045376	-0.00005525	-0.23249735	-0.40017134	0.34758539	2.42327460	1.02080076	0.00085960	0.00030937	0.43361478	0.42135632	0.00000000	0.00000000	0.17048230	0.06775433	0.00000000	0.72909540	0.15248082	0.85270459	0.11516822	0.00000000	0.14477587	0.13421725	0.00000000	0.41903902	0.06123555	0.36553754
4.36043956	-0.31041538	0.04995884	-0.08321272	-0.19161686	0.90526057	-0.61795721	0.49556539	-0.23319617	-0.31306772	0.40246906	0.14655325	-0.01231940	0.00000720	0.46474023	-0.19784389	-0.39376453	0.39285242	0.13271124	0.00345376	-0.00001527	0.18236251	-0.05119199	-0.10559120	-0.00652303	-0.44308833	0.54143940	2.36384637	1.01847584	0.00045376	-0.00005525	-0.25359008	-0.38928979	0.33416128	2.42529549	1.02079309	0.00085960	0.00030937	0.40246906	0.39285242	0.00000000	0.00000000	0.15152977	0.06341121	0.00000000	0.63342247	0.14398271	0.77704519	0.09811140	0.00000000	0.12876434	0.12466866	0.00000000	0.35551326	0.05406517	0.29767322
4.37032967	-0.29625949	0.04765483	-0.08171560	-0.18863835	0.90829479	-0.61783247	0.45994233	-0.22750646	-0.31941136	0.37122213	0.13900562	-0.01231940	0.00000720	0.43278850	-0.19230374	-0.39690079	0.36453965	0.12414515	0.00345376	-0.00001527	0.17422459	-0.04969124	-0.11308907	-0.01449030	-0.44026045	0.53889236	2.36098545	1.01848113	0.00045376	-0.00005525	-0.27225500	-0.37804070	0.32192993	2.42651538	1.02078542	0.00085960	0.00030937	0.37122213	0.36453965	0.00000001	0.00000000	0.13860869	0.05755736	0.00000000	0.56780870	0.14089882	0.72659775	0.08189458	0.00000000	0.11337943	0.11511966	0.00000000	0.31148368	0.05200643	0.25217278
4.38021978	-0.28210458	0.04570371	-0.07999597	-0.18561477	0.91103522	-0.61775787	0.42480208	-0.22249715	-0.32587469	0.34059872	0.13171784	-0.01231940	0.00000720	0.40134706	-0.18622271	-0.39910034	0.33685297	0.11614813	0.00345376	-0.00001527	0.16688927	-0.04885554	-0.11769448	-0.02397391	-0.43830933	0.53366556	2.35866711	1.01848642	0.00045376	-0.00005525	-0.28659268	-0.36718903	0.31320764	2.42579116	1.02077774	0.00085960	0.00030937	0.34059872	0.33685297	0.01645841	0.00000000	0.14885290	0.05486524	0.00000000	0.52898644	0.13181008	0.67649646	0.07446546	0.00000000	0.10501747	0.10783489	0.00000000	0.28521082	0.05083117	0.22083562
4.39010989	-0.26805883	0.04389250	-0.07784976	-0.18261197	0.91347584	-0.61774621	0.39028717	-0.21788178	-0.33207875	0.31062424	0.12461813	-0.01231940	0.00000720	0.37094561	-0.17999621	-0.40016317	0.31041968	0.10894981	0.00345376	-0.00001527	0.16010891	-0.04835224	-0.11995031	-0.03465397	-0.43716462	0.52557766	2.35757249	1.01849170	0.00045376	-0.00005525	-0.29714021	-0.35762621	0.30776252	2.42374313	1.02077005	0.00085960	0.00030937	0.31062424	0.31041968	0.03716167	0.00000000	0.16949496	0.05309830	0.00000000	0.50164514	0.12051223	0.62565926	0.07096082	0.00000000	0.09802634	0.10152615	0.00000000	0.27290877	0.05329843	0.20754075
4.40000000	-0.25415488	0.04210519	-0.07555314	-0.17967983	0.91562882	-0.61774283	0.35630970	-0.21310670	-0.33687774	0.28093914	0.11754647	-0.01231940	0.00000720	0.34141320	-0.17398619	-0.40045789	0.28506206	0.10255114	0.00345376	-0.00001527	0.15346531	-0.04792294	-0.12089024	-0.04565332	-0.43643596	0.51595491	2.35759393	1.01849697	0.00045376	-0.00005525	-0.30549211	-0.34980434	0.30377038	2.42128908	1.02076235	0.00085960	0.00030937	0.28093914	0.28506206	0.05371780	0.00000000	0.19083974	0.05041372	0.00000000	0.47992378	0.11111698	0.57946988	0.07929433	0.00000001	0.10061374	0.09854978	0.00000000	0.27302629	0.05454943	0.20208897
